id,issuer_id,notional,recovery,currency,description,issuer,,,,,,,,,,,
00287YAM1,0,1700000,0.4,USD,ABBVIE INC 4.4 06-NOV-2042 (SENIOR),ABBVIE INC ,,,,,,,,,,,
03040WAX3,1,1120000,0.4,USD,AMERICAN WATER CAPITAL CORP 3.45 01-MAY-2050 (SENIOR),AMERICAN WATER CAPITAL CORP ,,,,,,,,,,,
BSD8NXKU1,2,2801000,0.4,USD,AMGEN INC 2.77 01-SEP-2053 (SENIOR),AMGEN INC ,,,,,,,,,,,
035240AN0,5,1209000,0.4,USD,ANHEUSER-BUSCH INBEV WORLDWIDE INC 4.6 15-APR-2048 (SENIOR),ANHEUSER-BUSCH INBEV WORLDWIDE INC ,,,,,,,,,,,
035240AT7,5,90000,0.4,USD,ANHEUSER-BUSCH INBEV WORLDWIDE INC 4.5 01-JUN-2050 (SENIOR),ANHEUSER-BUSCH INBEV WORLDWIDE INC ,,,,,,,,,,,
BSD5SP2T2,3,470000,0.4,USD,ANHEUSER BUSCH INBEV NV 3.7 02-APR-2040 Reg-S (SENIOR),ANHEUSER BUSCH INBEV NV ,,,,,,,,,,,
BSDHTF4J7,4,248000,0.4,USD,ANHEUSER BUSCH INBEV SA 4.125 19-MAY-2045 Reg-S (SENIOR),ANHEUSER BUSCH INBEV SA ,,,,,,,,,,,
037833EK2,6,2000000,0.4,USD,APPLE INC 2.7 05-AUG-2051 (SENIOR),APPLE INC ,,,,,,,,,,,
00206RKD3,7,255000,0.4,USD,AT&T INC 3.1 01-FEB-2043 (SENIOR),AT&T INC ,,,,,,,,,,,
BSD4BAGD6,7,2173000,0.4,USD,AT&T INC 1.8 14-SEP-2039 (SENIOR),AT&T INC ,,,,,,,,,,,
BSD01DGT4,8,9559000,0.4,USD,AUSTRIA (REPUBLIC OF) 1.5 02-NOV-2086 Dual 144a|Reg-S,AUSTRIA (REPUBLIC OF) ,,,,,,,,,,,
BSD8E5UM9,8,4600000,0.4,USD,AUSTRIA (REPUBLIC OF) 0.7 20-APR-2071 Dual 144a|Reg-S,AUSTRIA (REPUBLIC OF) ,,,,,,,,,,,
06051GJA8,9,1309000,0.4,USD,BANK OF AMERICA CORP 4.083 20-MAR-2051 (SENIOR),BANK OF AMERICA CORP ,,,,,,,,,,,
BRT1BZ9G3,10,10804550,0.4,USD,BELGIUM (KINGDOM OF) 2.15 22-JUN-2066 Dual 144a|Reg-S,BELGIUM (KINGDOM OF) ,,,,,,,,,,,
BSD7WR5T6,11,5010000,0.4,USD,BELGIUM KINGDOM OF (GOVERNMENT) 0.65 22-JUN-2071 Dual 144a|Reg-S,BELGIUM KINGDOM OF (GOVERNMENT) ,,,,,,,,,,,
BSD3W4160,12,1100000,0.4,USD,BNG BANK NV NONDMUNI 0.805 28-JUN-2049 Reg-S,BNG BANK NV NONDMUNI ,,,,,,,,,,,
BSD4R5H07,14,570000,0.4,USD,BP CAPITAL MARKETS PLC 1.104 15-NOV-2034 Reg-S (SENIOR),BP CAPITAL MARKETS PLC ,,,,,,,,,,,
BSD7EYC63,13,1221000,0.4,USD,BP CAPITAL MARKETS BV 0.933 04-DEC-2040 Reg-S (SENIOR),BP CAPITAL MARKETS BV ,,,,,,,,,,,
171239AB2,15,1660000,0.4,USD,CHUBB INA HOLDINGS INC 2.5 15-MAR-2038 (SENIOR),CHUBB INA HOLDINGS INC ,,,,,,,,,,,
125523CJ7,16,190000,0.4,USD,CIGNA CORP 3.2 15-MAR-2040 (SENIOR),CIGNA CORP ,,,,,,,,,,,
125523CK4,16,1400000,0.4,USD,CIGNA CORP 3.4 15-MAR-2050 (SENIOR),CIGNA CORP ,,,,,,,,,,,
BSDG2H3F3,17,1600000,0.4,USD,COCA-COLA CO 3.75 15-AUG-2053 (SENIOR),COCA-COLA CO ,,,,,,,,,,,
20030NBT7,18,240000,0.4,USD,COMCAST CORPORATION 3.2 15-JUL-2036 (SENIOR),COMCAST CORPORATION ,,,,,,,,,,,
20030NCN9,18,1377000,0.4,USD,COMCAST CORPORATION 4.95 15-OCT-2058 (SENIOR),COMCAST CORPORATION ,,,,,,,,,,,
2027A0JN0,19,1301000,0.4,USD,COMMONWEALTH BANK OF AUSTRALIA 3.9 12-JUL-2047 144a (SENIOR),COMMONWEALTH BANK OF AUSTRALIA ,,,,,,,,,,,
BSDEDVPR5,20,1800000,0.4,USD,CREDIT AGRICOLE SA 4.375 27-NOV-2033 Reg-S (SENIOR NON-PREFERRED),CREDIT AGRICOLE SA ,,,,,,,,,,,
126408HG1,21,1260000,0.4,USD,CSX CORP 4.25 01-NOV-2066 (SENIOR),CSX CORP ,,,,,,,,,,,
BSD4UH7D0,23,2432000,0.4,USD,DEUTSCHE TELEKOM AG 1.75 09-DEC-2049 Reg-S (SENIOR),DEUTSCHE TELEKOM AG ,,,,,,,,,,,
BSD5UKKJ2,22,570000,0.4,USD,DEUTSCHE BAHN FINANCE GMBH 1.375 16-APR-2040 Reg-S (SENIOR),DEUTSCHE BAHN FINANCE GMBH ,,,,,,,,,,,
BSD7EY4E5,22,2447000,0.4,USD,DEUTSCHE BAHN FINANCE GMBH 0.625 08-DEC-2050 Reg-S (SENIOR),DEUTSCHE BAHN FINANCE GMBH ,,,,,,,,,,,
BSD4B19U6,24,2419000,0.4,USD,DH EUROPE FINANCE II SARL 1.8 18-SEP-2049 (SENIOR),DH EUROPE FINANCE II SARL ,,,,,,,,,,,
25243YAV1,25,1069000,0.4,USD,DIAGEO CAPITAL PLC 3.875 29-APR-2043 (SENIOR),DIAGEO CAPITAL PLC ,,,,,,,,,,,
BSD6X9468,26,1669000,0.4,USD,DIGITAL DUTCH FINCO BV 1.0 15-JAN-2032 Reg-S (SENIOR),DIGITAL DUTCH FINCO BV ,,,,,,,,,,,
260543DB6,27,600000,0.4,USD,DOW CHEMICAL COMPANY (THE) 1.875 15-MAR-2040 (SENIOR),DOW CHEMICAL COMPANY (THE) ,,,,,,,,,,,
BSDF4YXP1,28,1320000,0.4,USD,E.ON SE 4.125 25-MAR-2044 Reg-S (SENIOR),E.ON SE ,,,,,,,,,,,
BSDH022X8,28,516000,0.4,USD,E.ON SE 4.0 16-JAN-2040 Reg-S (SENIOR),E.ON SE ,,,,,,,,,,,
BSD4V9FZ9,29,500000,0.4,USD,ELECTRICITE DE FRANCE SA NONDMUNI 2.0 09-DEC-2049 Reg-S,ELECTRICITE DE FRANCE SA NONDMUNI ,,,,,,,,,,,
BSD9EWMQ8,30,2561000,0.4,USD,ELI LILLY AND COMPANY 1.125 14-SEP-2051 Reg-S (SENIOR),ELI LILLY AND COMPANY ,,,,,,,,,,,
29278GAC2,31,986000,0.4,USD,ENEL FINANCE INTERNATIONAL NV 4.75 25-MAY-2047 144a (SENIOR),ENEL FINANCE INTERNATIONAL NV ,,,,,,,,,,,
BSDCMX1E0,31,560000,0.4,USD,ENEL FINANCE INTERNATIONAL NV 4.5 20-FEB-2043 Reg-S (SENIOR),ENEL FINANCE INTERNATIONAL NV ,,,,,,,,,,,
BSD4L0T68,32,2600000,0.4,USD,ENGIE SA 1.25 24-OCT-2041 (SENIOR),ENGIE SA ,,,,,,,,,,,
BSD4JBE22,33,630000,0.4,USD,ENI SPA 1.0 11-OCT-2034 Reg-S,ENI SPA ,,,,,,,,,,,
29446MAH5,34,1382000,0.4,USD,EQUINOR ASA 3.7 06-APR-2050 (SENIOR),EQUINOR ASA ,,,,,,,,,,,
BSD60RY61,35,1600000,0.4,USD,EUROGRID GMBH 1.113 15-MAY-2032 Reg-S (SENIOR),EUROGRID GMBH ,,,,,,,,,,,
BRSXFCK03,39,875000,0.4,USD,EUROPEAN STABILITY MECHANISM 1.85 01-DEC-2055 Reg-S (SENIOR),EUROPEAN STABILITY MECHANISM ,,,,,,,,,,,
BRT1Y5SK4,36,1650000,0.4,USD,EUROPEAN FINANCIAL STABILITY FACIL 1.375 31-MAY-2047 Reg-S (SENIOR),EUROPEAN FINANCIAL STABILITY FACIL ,,,,,,,,,,,
BRT8NZZL5,37,1200000,0.4,USD,EUROPEAN FINANCIAL STABILITY FACIL GOVTGUAR 2.0 28-FEB-2056 Reg-S (SENIOR),EUROPEAN FINANCIAL STABILITY FACIL GOVTGUAR ,,,,,,,,,,,
BSD0SELH3,38,1840000,0.4,USD,EUROPEAN INVESTMENT BANK 1.5 15-NOV-2047 (SENIOR),EUROPEAN INVESTMENT BANK ,,,,,,,,,,,
BSD14ZPC7,38,1334000,0.4,USD,EUROPEAN INVESTMENT BANK 1.5 16-OCT-2048 (SENIOR),EUROPEAN INVESTMENT BANK ,,,,,,,,,,,
BSD756Q02,40,2000000,0.4,USD,EUROPEAN UNION 0.1 04-OCT-2040 Reg-S (SENIOR),EUROPEAN UNION ,,,,,,,,,,,
BSD7RN8E1,38,400000,0.4,USD,EUROPEAN INVESTMENT BANK 0.05 27-JAN-2051 Reg-S (SENIOR),EUROPEAN INVESTMENT BANK ,,,,,,,,,,,
BSDC40JK9,40,1460000,0.4,USD,EUROPEAN UNION 3.0 04-MAR-2053 Reg-S (SENIOR),EUROPEAN UNION ,,,,,,,,,,,
BRT0VJE32,41,11110115,0.4,USD,FRANCE (REPUBLIC OF) 1.75 25-MAY-2066 Dual 144a|Reg-S,FRANCE (REPUBLIC OF) ,,,,,,,,,,,
BSD7RQFJ5,41,8901000,0.4,USD,FRANCE (REPUBLIC OF) 0.5 25-MAY-2072 Dual 144a|Reg-S,FRANCE (REPUBLIC OF) ,,,,,,,,,,,
BRSY45S18,43,3450000,0.4,USD,GERMANY (FEDERAL REPUBLIC OF) 0.5 15-FEB-2026 Reg-S,GERMANY (FEDERAL REPUBLIC OF) ,,,,,,,,,,,
BSD7MBXB0,43,8334919,0.4,USD,GERMANY (FEDERAL REPUBLIC OF) 15-AUG-2050 Reg-S,GERMANY (FEDERAL REPUBLIC OF) ,,,,,,,,,,,
BSDDEYM44,43,3370000,0.4,USD,GERMANY (FEDERAL REPUBLIC OF) 1.8 15-AUG-2053 Reg-S,GERMANY (FEDERAL REPUBLIC OF) ,,,,,,,,,,,
BSDE4MYS3,43,4360000,0.4,USD,GERMANY (FEDERAL REPUBLIC OF) 3.1 12-DEC-2025 Reg-S,GERMANY (FEDERAL REPUBLIC OF) ,,,,,,,,,,,
375558BT9,44,1951000,0.4,USD,GILEAD SCIENCES INC 2.8 01-OCT-2050 (SENIOR),GILEAD SCIENCES INC ,,,,,,,,,,,
377372AJ6,45,1024000,0.4,USD,GLAXOSMITHKLINE CAPITAL INC 4.2 18-MAR-2043 (SENIOR),GLAXOSMITHKLINE CAPITAL INC ,,,,,,,,,,,
437076CD2,46,210000,0.4,USD,HOME DEPOT INC 3.35 15-APR-2050 (SENIOR),HOME DEPOT INC ,,,,,,,,,,,
437076CG5,46,2365000,0.4,USD,HOME DEPOT INC 2.375 15-MAR-2051 (SENIOR),HOME DEPOT INC ,,,,,,,,,,,
404280AM1,47,868000,0.4,USD,HSBC HOLDINGS PLC 6.1 14-JAN-2042 (SENIOR),HSBC HOLDINGS PLC ,,,,,,,,,,,
BSD4H8703,48,4193000,0.4,USD,INTERNATIONAL BANK FOR RECONSTRUCT 0.25 10-JAN-2050 (SENIOR),INTERNATIONAL BANK FOR RECONSTRUCT ,,,,,,,,,,,
BSD9N9ZD4,48,1330000,0.4,USD,INTERNATIONAL BANK FOR RECONSTRUCT 0.7 22-OCT-2046 Reg-S (SENIOR),INTERNATIONAL BANK FOR RECONSTRUCT ,,,,,,,,,,,
46647PBN5,49,1498000,0.4,USD,JPMORGAN CHASE & CO 3.109 22-APR-2051 (SENIOR),JPMORGAN CHASE & CO ,,,,,,,,,,,
BSD3DXSX9,50,1160000,0.4,USD,KFW GOVTGUAR 0.875 04-JUL-2039 Reg-S,KFW GOVTGUAR ,,,,,,,,,,,
57636QAQ7,51,1573000,0.4,USD,MASTERCARD INC 3.85 26-MAR-2050 (SENIOR),MASTERCARD INC ,,,,,,,,,,,
BSD6ZUYK5,52,2342000,0.4,USD,MEDTRONIC GLOBAL HOLDINGS SCA 1.625 15-OCT-2050 (SENIOR),MEDTRONIC GLOBAL HOLDINGS SCA ,,,,,,,,,,,
594918BU7,53,1221000,0.4,USD,MICROSOFT CORPORATION 3.95 08-AUG-2056 (SENIOR),MICROSOFT CORPORATION ,,,,,,,,,,,
609207AF2,55,500000,0.4,USD,MONDELEZ INTERNATIONAL INC 2.375 06-MAR-2035 (SENIOR),MONDELEZ INTERNATIONAL INC ,,,,,,,,,,,
BSD856B22,55,800000,0.4,USD,MONDELEZ INTERNATIONAL INC 1.375 17-MAR-2041 (SENIOR),MONDELEZ INTERNATIONAL INC ,,,,,,,,,,,
BSD9DPYZ1,54,1114000,0.4,USD,MONDELEZ INTERNATIONAL HOLDINGS NE 1.25 09-SEP-2041 Reg-S (SENIOR),MONDELEZ INTERNATIONAL HOLDINGS NE ,,,,,,,,,,,
BSDFHN9A1,56,2284000,0.4,USD,MSD NETHERLANDS CAPITAL BV 3.75 30-MAY-2054 (SENIOR),MSD NETHERLANDS CAPITAL BV ,,,,,,,,,,,
BSD7CNFG4,57,1676000,0.4,USD,NATIONAL GRID ELECTRICITY TRANSMIS 0.872 26-NOV-2040 Reg-S (SENIOR),NATIONAL GRID ELECTRICITY TRANSMIS ,,,,,,,,,,,
BSD8F45J6,58,1500000,0.4,USD,NEDERLANDSE WATERSCHAPSBANK NV NONDMUNI 0.5 26-APR-2051 Reg-S,NEDERLANDSE WATERSCHAPSBANK NV NONDMUNI ,,,,,,,,,,,
641062AN4,60,1241000,0.4,USD,NESTLE HOLDINGS INC. 4.0 24-SEP-2048 144a (SENIOR),NESTLE HOLDINGS INC. ,,,,,,,,,,,
BSDGZNBR9,59,217000,0.4,USD,NESTLE FINANCE INTERNATIONAL LTD 3.5 14-JAN-2045 Reg-S (SENIOR),NESTLE FINANCE INTERNATIONAL LTD ,,,,,,,,,,,
BRTB3D342,61,1870000,0.4,USD,NORDRHEIN-WESTFALEN LAND OF 1.55 16-JUN-2048 Reg-S,NORDRHEIN-WESTFALEN LAND OF ,,,,,,,,,,,
BSD7SC3C3,62,2550000,0.4,USD,NORDRHEIN-WESTFALEN LAND OF NONDMUNI 0.2 27-JAN-2051 Reg-S,NORDRHEIN-WESTFALEN LAND OF NONDMUNI ,,,,,,,,,,,
BSD38ZTN1,63,1100000,0.4,USD,NRW BANK NONDMUNI 1.25 21-MAR-2044,NRW BANK NONDMUNI ,,,,,,,,,,,
BSD4A4UY9,64,1600000,0.4,USD,ORANGE SA 1.375 04-SEP-2049 Reg-S (SENIOR),ORANGE SA ,,,,,,,,,,,
717081FA6,65,943000,0.4,USD,PFIZER INC 2.7 28-MAY-2050 (SENIOR),PFIZER INC ,,,,,,,,,,,
BSDHP9NP0,66,348000,0.4,USD,PFIZER NETHERLANDS INTERNATIONAL F 4.25 19-MAY-2045 (SENIOR),PFIZER NETHERLANDS INTERNATIONAL F ,,,,,,,,,,,
BSD2ETSH4,67,955000,0.4,USD,PROCTER & GAMBLE CO 1.875 30-OCT-2038 (SENIOR),PROCTER & GAMBLE CO ,,,,,,,,,,,
BSD9RETV6,67,970000,0.4,USD,PROCTER & GAMBLE CO 0.9 04-NOV-2041 (SENIOR),PROCTER & GAMBLE CO ,,,,,,,,,,,
BSDGBNZK4,68,1900000,0.4,USD,PROLOGIS INTERNATIONAL FUNDING II 3.7 07-OCT-2034 Reg-S (SENIOR),PROLOGIS INTERNATIONAL FUNDING II ,,,,,,,,,,,
74432QCF0,69,1102000,0.4,USD,PRUDENTIAL FINANCIAL INC 3.7 13-MAR-2051 (SENIOR),PRUDENTIAL FINANCIAL INC ,,,,,,,,,,,
21685WCJ4,70,894000,0.4,USD,RABOBANK NEDERLAND 5.25 24-MAY-2041 (SENIOR),RABOBANK NEDERLAND ,,,,,,,,,,,
BRSE8QCX9,71,900000,0.4,USD,RESEAU FERRE DE FRANCE 4.125 22-MAR-2062 Reg-S,RESEAU FERRE DE FRANCE ,,,,,,,,,,,
78409VAR5,72,3055000,0.4,USD,S&P GLOBAL INC 2.3 15-AUG-2060 (SENIOR),S&P GLOBAL INC ,,,,,,,,,,,
BSD9G9CU9,73,1694000,0.4,USD,SEGRO CAPITAL SARL 0.5 22-SEP-2031 Reg-S (SENIOR),SEGRO CAPITAL SARL ,,,,,,,,,,,
822905AE5,74,1069000,0.4,USD,SHELL FINANCE US INC 4.0 10-MAY-2046 (SENIOR),SHELL FINANCE US INC ,,,,,,,,,,,
82620KAT0,75,965000,0.4,USD,SIEMENS FINANCIERINGSMAATSCHAPPIJ 4.2 16-MAR-2047 144a (SENIOR),SIEMENS FINANCIERINGSMAATSCHAPPIJ ,,,,,,,,,,,
BSDHVFCC0,75,200000,0.4,USD,SIEMENS FINANCIERINGSMAATSCHAPPIJ 4.0 27-MAY-2045 Reg-S (SENIOR),SIEMENS FINANCIERINGSMAATSCHAPPIJ ,,,,,,,,,,,
BSD0T3UM5,76,500000,0.4,USD,SNCF RESEAU NONDMUNI 2.25 20-DEC-2047 Reg-S,SNCF RESEAU NONDMUNI ,,,,,,,,,,,
BSD7PH4V2,77,1900000,0.4,USD,SOCIETE NATIONALE SNCF SA NONDMUNI 1.0 19-JAN-2061 Reg-S,SOCIETE NATIONALE SNCF SA NONDMUNI ,,,,,,,,,,,
87612EBG0,78,1259000,0.4,USD,TARGET CORPORATION 3.9 15-NOV-2047 (SENIOR),TARGET CORPORATION ,,,,,,,,,,,
BRW6JRZG9,79,900000,0.4,USD,TELEFONICA EMISIONES SAU 1.864 13-JUL-2040 Reg-S (SENIOR),TELEFONICA EMISIONES SAU ,,,,,,,,,,,
BSD3WBWV5,79,580000,0.4,USD,TELEFONICA EMISIONES SAU 1.957 01-JUL-2039 Reg-S (SENIOR),TELEFONICA EMISIONES SAU ,,,,,,,,,,,
BSD3NFSJ8,80,570000,0.4,USD,TENNET HOLDING BV 1.5 03-JUN-2039 Reg-S (SENIOR),TENNET HOLDING BV ,,,,,,,,,,,
BSD7B6TZ5,80,1375000,0.4,USD,TENNET HOLDING BV 0.5 30-NOV-2040 Reg-S (SENIOR),TENNET HOLDING BV ,,,,,,,,,,,
BSD9SHEG7,80,415000,0.4,USD,TENNET HOLDING BV 0.875 16-JUN-2035 Reg-S (SENIOR),TENNET HOLDING BV ,,,,,,,,,,,
BSD6KDN54,81,640000,0.4,USD,TERNA RETE ELETTRICA NAZIONALE SPA 0.75 24-JUL-2032 Reg-S (SENIOR),TERNA RETE ELETTRICA NAZIONALE SPA ,,,,,,,,,,,
BSD4FKXA7,82,600000,0.4,USD,THERMO FISHER SCIENTIFIC INC 1.875 01-OCT-2049 (SENIOR),THERMO FISHER SCIENTIFIC,,,,,,,,,,,
BSD9LVM41,82,2234000,0.4,USD,THERMO FISHER SCIENTIFIC (FINANCE 2.0 18-OCT-2051 (SENIOR),THERMO FISHER SCIENTIFIC,,,,,,,,,,,
89153VAW9,83,1460000,0.4,USD,TOTAL CAPITAL INTERNATIONAL SA 3.386 29-JUN-2060 (SENIOR),TOTAL CAPITAL INTERNATIONAL SA ,,,,,,,,,,,
BSD61L9A2,83,900000,0.4,USD,TOTAL CAPITAL INTERNATIONAL SA 1.618 18-MAY-2040 Reg-S (SENIOR),TOTAL CAPITAL INTERNATIONAL SA ,,,,,,,,,,,
89417EAL3,84,1336000,0.4,USD,TRAVELERS COMPANIES INC 3.75 15-MAY-2046 (SENIOR),TRAVELERS COMPANIES INC ,,,,,,,,,,,
902674A26,85,1165000,0.4,USD,UBS AG (LONDON BRANCH) 4.5 26-JUN-2048,UBS AG (LONDON BRANCH) ,,,,,,,,,,,
907818ER5,86,1324000,0.4,USD,UNION PACIFIC CORPORATION 4.1 15-SEP-2067 (SENIOR),UNION PACIFIC CORPORATION ,,,,,,,,,,,
91324PEA6,87,2496000,0.4,USD,UNITEDHEALTH GROUP INC 3.125 15-MAY-2060 (SENIOR),UNITEDHEALTH GROUP INC ,,,,,,,,,,,
BSD60JYT9,89,600000,0.4,USD,VEOLIA ENVIRONNEMENT SA 1.25 14-MAY-2035 Reg-S (SENIOR),VEOLIA ENVIRONNEMENT SA ,,,,,,,,,,,
92343VFD1,90,100000,0.4,USD,VERIZON COMMUNICATIONS INC 4.0 22-MAR-2050 (SENIOR),VERIZON COMMUNICATIONS INC ,,,,,,,,,,,
92343VFK5,90,2132000,0.4,USD,VERIZON COMMUNICATIONS INC 1.85 18-MAY-2040 (SENIOR),VERIZON COMMUNICATIONS INC ,,,,,,,,,,,
92826CAQ5,91,2178000,0.4,USD,VISA INC 2.0 15-AUG-2050 (SENIOR),VISA INC ,,,,,,,,,,,
931142EC3,92,1221000,0.4,USD,WALMART INC 4.05 29-JUN-2048 (SENIOR),WALMART INC ,,,,,,,,,,,
254687FZ4,93,1661000,0.4,USD,WALT DISNEY CO 3.6 13-JAN-2051 (SENIOR),WALT DISNEY CO ,,,,,,,,,,,
BSD3T2G05,94,570000,0.4,USD,ZURICH FINANCE (IRELAND) DAC 1.625 17-JUN-2039 Reg-S (SENIOR),ZURICH FINANCE (IRELAND) DAC ,,,,,,,,,,,
