date,00287YAM1,03040WAX3,BSD8NXKU1,BSD5SP2T2,BSDHTF4J7,035240AT7,035240AN0,037833EK2,BSD4BAGD6,00206RKD3,BSD8E5UM9,BSD01DGT4,06051GJA8,BRT1BZ9G3,BSD7WR5T6,BSD3W4160,BSD7EYC63,BSD4R5H07,171239AB2,125523CJ7,125523CK4,BSDG2H3F3,20030NBT7,20030NCN9,2027A0JN0,BSDEDVPR5,126408HG1,BSD7EY4E5,BSD5UKKJ2,BSD4UH7D0,BSD4B19U6,25243YAV1,BSD6X9468,260543DB6,BSDH022X8,BSDF4YXP1,BSD4V9FZ9,BSD9EWMQ8,BSDCMX1E0,29278GAC2,BSD4L0T68,BSD4JBE22,29446MAH5,BSD60RY61,BRT1Y5SK4,BRT8NZZL5,BSD7RN8E1,BSD0SELH3,BSD14ZPC7,BRSXFCK03,BSD756Q02,BSDC40JK9,BSD7RQFJ5,BRT0VJE32,BRSY45S18,BSDDEYM44,BSD7MBXB0,BSDE4MYS3,375558BT9,377372AJ6,437076CG5,437076CD2,404280AM1,BSD4H8703,BSD9N9ZD4,46647PBN5,BSD3DXSX9,57636QAQ7,BSD6ZUYK5,594918BU7,BSD9DPYZ1,BSD856B22,609207AF2,BSDFHN9A1,BSD7CNFG4,BSD8F45J6,BSDGZNBR9,641062AN4,BRTB3D342,BSD7SC3C3,BSD38ZTN1,BSD4A4UY9,717081FA6,BSDHP9NP0,BSD9RETV6,BSD2ETSH4,BSDGBNZK4,74432QCF0,21685WCJ4,BRSE8QCX9,78409VAR5,BSD9G9CU9,822905AE5,BSDHVFCC0,82620KAT0,BSD0T3UM5,BSD7PH4V2,87612EBG0,BRW6JRZG9,BSD3WBWV5,BSD7B6TZ5,BSD9SHEG7,BSD3NFSJ8,BSD6KDN54,BSD9LVM41,BSD4FKXA7,BSD61L9A2,89153VAW9,89417EAL3,902674A26,907818ER5,91324PEA6,BSD60JYT9,92343VFK5,92343VFD1,92826CAQ5,931142EC3,254687FZ4,BSD3T2G05
2025/10,,,,,,,23665.53,,,,,,,,,,,,,,,,,29004.89,,,,,,,,17627.13,,,,,,,,,32500,6300,21759.15,,,,,,20010,,2000,,,,,,,,,,,2993.62,,,9310,19818.22,,,38057.5,,,,,,,,,,,,,,,,,17906.25,70300,,,,,,,,,,,,,,,,,,44654.92,,,,,,,,,,,,,,
2025/11,31829.79,16442.55,,,,,,,,,,143385,,,,,,6292.8,,,,,,,,78750,22787.23,,,,,,,,,,,,,19929.79,,,,,,,,27600,,,,,,,,,,,,,,,,,,,,,,,,,,,14614.72,,,,,,,,10834.47,,8730,,,,19972.34,,,,18195.74,,,,,20894.04,,,,,,,,,,,21319.15,,,33191.49,,,,,,,
2025/12,,,,,,1723.4,,,,,,,,,,,11391.93,,,,,,,,,,,15291,,42560,,,,,,,10000,,,,,,,,,,,,,16187.5,,,,,,,,4495160,,,,,,,,,,,,,,,,,,,,,,,,,,,,,,,,,,,,,,11250,,,,,6875,,,,,,,21036.43,,22308.51,,,,,,,21042.77,,
2026/01,,,,,,,,,,,,,,,,,,,,,,,3268.09,,21591.06,,,,,,,,16690,,20640,,,,,,,,,,,,200,,,,,,,,,,,,,,,,22531.06,10482.5,,,,,,,,,,,,,7595,,,5100,,,,,,,,,,,,,,,,,19000,,,,,,,,,,,,,,,,,,,,,25445.11,
2026/02,,,,,,,,22978.72,,3363.83,,,,,,,,,,,,,,,,,,,,,,,,,,,,,25200,,,,,,,,,,,,,,,,3467250,,,,,,,,,,,,,,,20523.19,,,,,,,,,,,,,,,,,,,,,29900,,,,,,,,,,,,,,,,,,,,,,,,,18536.17,,,
2026/03,,,33016.04,,,,,,,,,,22743.18,,,,,,41500,2587.23,20255.32,,,,,,,,,,,,,11250,,54450,,,,,,,,,,24000,,,,,,43800,,,,,,,,18301.28,23901.6,,,,,,,25770.43,,,,11000,11875,,,,,21123.4,,,13750,,,,,,,17350.64,,37125,,,,,17246.81,,,,,,,,,,,,,,,,23099.57,,,,1702.13,,,,
2026/04,,,,17390,,,23665.53,,,,32200,,,,,,,,,,,,,29004.89,,,,,7837.5,,,17627.13,,,,,,,,,,,21759.15,,,,,,,,,,,,,,,,23245.96,,,2993.62,,,,19818.22,,,,,,,,,,7500,,,,,,,,,,,,,,,,,,,,,,,,,,,,,,,,,,,,,,,,,,,
2026/05,31829.79,16442.55,,,10230,,,,,,,,,,,,,,,,,,,,,,22787.23,,,,,,,,,,,,,19929.79,,,,17808,,,,,,,,,44505,194427.01,,,,,,,,,,,,,,,,,,,,,,,,,,,,,10834.47,14790,,,,,19972.34,,,,18195.74,8000,,,,20894.04,,,,,,,,,14562,,21319.15,,,33191.49,7500,39442,,,,,
2026/06,,,,,,1723.4,,,,,,,,232297.82,32565,8855,,,,,,,,,,,,,,,,,,,,,,,,,,,,,22687.5,,,,,,,,,,,,,,,,,,,,,,,,,,,,,85650,,,,,28985,,,,,,,,,,,,,,,,,,,,,,,3631.25,8550,,,,,21036.43,,22308.51,,,,,,,21042.77,,9262.5
2026/07,,,,,,,,,,,,,,,,,,,,,,,3268.09,,21591.06,,,,,,,,,,,,,,,,,,,,,,,,,,,,,,,,,,,,,,22531.06,,,,10150,,,,,,,,,,,,,,,,,,,,,,,,,,,,,,,,16776,11350.6,,,,4800,,,,,,,,,,,,,,25445.11,
2026/08,,,,,,,,22978.72,,3363.83,,,,,,,,,,,,60000,,,,,,,,,,,,,,,,,,,,,,,,,,,,,,,,,,60660,0,,,,,,,,,,,,,20523.19,,,,,,,,,,,,,,,,,,,,,29900,,,,,,,,,,,,,,,,,,,,,,,,,18536.17,,,
2026/09,,,33016.04,,,,,,39114,,,,22743.18,,,,,,,2587.23,20255.32,,,,,,,,,,43542,,,,,,,28811.25,,,,,,,,,,,,,,,,,,,,,,18301.28,23901.6,,,,,,,25770.43,,,13925,,,,,,,21123.4,,,,22000,,,,,,17350.64,,,,8470,,,17246.81,,,,,,,,,,,,,,,,23099.57,,,,1702.13,,,,
2026/10,,,,,,,23665.53,,,,,,,,,,,,,,,,,29004.89,,,,,,,,17627.13,,,,,,,,,32500,6300,21759.15,,,,,,20010,,2000,,,,,,,,23245.96,,,2993.62,,,9310,19818.22,,,38057.5,,,,,,,,,,,,,,,,,17906.25,70300,,,,,,,,,,,,,,,,,,44680,11250,,,,,,,,,,,,,
2026/11,31829.79,16442.55,,,,,,,,,,143385,,,,,,6292.8,,,,,,,,78750,22787.23,,,,,,,,,,,,,19929.79,,,,,,,,27600,,,,,,,,,,,,,,,,,,,,,,,,,,,14614.72,,,,,,,,10834.47,,8730,,,,19972.34,,,,18195.74,,,,,20894.04,,,6875,,,,,,,,21319.15,,,33191.49,,,,,,,
2026/12,,,,,,1723.4,,,,,,,,,,,11391.93,,,,,,,,,,,15293.75,,42560,,,,,,,10000,,,,,,,,,,,,,16187.5,,,,,,,,,,,,,,,,,,,,,,,,,,,,,,,,,,,,,,,,,,,,,,11250,,,,,,,,,,,,21036.43,,22308.51,,,,,,,21042.77,,
2027/01,,,,,,,,,,,,,,,,,,,,,,,3268.09,,21591.06,,,,,,,,16690,,20640,,,,,,,,,,,,200,,,,,,,,,,,,,,,,22531.06,10482.5,,,,,,,,,,,,,7595,,,5100,,,,,,,,,,,,,,,,,19000,,,,,,,,,,,,,,,,,,,,,25445.11,
2027/02,,,,,,,,22978.72,,3363.83,,,,,,,,,,,,,,,,,,,,,,,,,,,,,25200,,,,,,,,,,,,,,,,,,,,,,,,,,,,,,,20523.19,,,,,,,,,,,,,,,,,,,,,29900,,,,,,,,,,,,,,,,,,,,,,,,,18536.17,,,
2027/03,,,33016.04,,,,,,,,,,22743.18,,,,,,41500,2587.23,20255.32,,,,,,,,,,,,,11250,,54450,,,,,,,,,,24000,,,,,,43800,,,,,,,,18301.28,23901.6,,,,,,,25770.43,,,,11000,11875,,,,,21123.4,,,13750,,,,,,,17350.64,,37125,,,,,17246.81,,,,,,,,,,,,,,,,23099.57,,,,1702.13,,,,
2027/04,,,,17390,,,23665.53,,,,32200,,,,,,,,,,,,,29004.89,,,,,7837.5,,,17627.13,,,,,,,,,,,21759.15,,,,,,,,,,,,,,,,23245.96,,,2993.62,,,,19818.22,,,,,,,,,,7500,,,,,,,,,,,,,,,,,,,,,,,,,,,,,,,,,,,,,,,,,,,
2027/05,31829.79,16442.55,,,10230,,,,,,,,,,,,,,,,,,,,,,22787.23,,,,,,,,,,,,,19929.79,,,,17808,22687.5,,,,,,,,44505,194427.01,,,,,,,,,,,,,,,,,,,,85650,,,,,,,,,10834.47,14790,,,,,19972.34,,,,18195.74,8000,,,,20894.04,,,,,,,,,14562,,21319.15,,,33191.49,7500,39442,,,,,
2027/06,,,,,,1723.4,,,,,,,,232297.82,32565,8855,,,,,,,,,,,,,,,,,,,,,,,,,,,,,,,,,,,,,,,,,,,,,,,,,,,,,,,,,,,,,,,28985,,,,,,,,,,,,,,,,,,,,,,,3631.25,8550,,,,,21036.43,,22308.51,,,,,,,21042.77,,9262.5
2027/07,,,,,,,,,,,,,,,,,,,,,,,3268.09,,21591.06,,,,,,,,,,,,,,,,,,,,,,,,,,,,,,,,,,,,,,22531.06,,,,10150,,,,,,,,,,,,,,,,,,,,,,,,,,,,,,,,16776,11350.6,,,,4800,,,,,,,,,,,,,,25445.11,
2027/08,,,,,,,,22978.72,,3363.83,,,,,,,,,,,,60000,,,,,,,,,,,,,,,,,,,,,,,,,,,,,,,,,,60660,0,,,,,,,,,,,,,20523.19,,,,,,,,,,,,,,,,,,,,,29900,,,,,,,,,,,,,,,,,,,,,,,,,18536.17,,,
2027/09,,,33016.04,,,,,,39114,,,,22743.18,,,,,,,2587.23,20255.32,,,,,,,,,,43542,,,,,,,28811.25,,,,,,,,,,,,,,,,,,,,,,18301.28,23901.6,,,,,,,25770.43,,,13925,,,,,,,21123.4,,,,22000,,,,,,17350.64,,,,8470,,,17246.81,,,,,,,,,,,,,,,,23099.57,,,,1702.13,,,,
2027/10,,,,,,,23665.53,,,,,,,,,,,,,,,,,29004.89,,,,,,,,17627.13,,,,,,,,,32500,6300,21759.15,,,,,,20010,,2000,,,,,,,,23245.96,,,2993.62,,,9310,19818.22,,,38057.5,,,,,,,,,,,,,,,,,,70300,,,,,,,,,,,,,,,,,,44680,11250,,,,,,,,,,,,,
2027/11,31829.79,16442.55,,,,,,,,,,143385,,,,,,6292.8,,,,,,,,78750,22787.23,,,,,,,,,,,,,19929.79,,,,,,,,27600,,,,,,,,,,,,,,,,,,,,,,,,,,,14614.72,,,,,,,,10834.47,,8730,17906.25,,,19972.34,,,,18195.74,,,,,20894.04,,,6875,,,,,,,,21319.15,,,33191.49,,,,,,,
2027/12,,,,,,1723.4,,,,,,,,,,,11391.93,,,,,,,,,,,15293.75,,42560,,,,,,,10000,,,,,,,,,,,,,16187.5,,,,,,,,,,,,,,,,,,,,,,,,,,,,,,,,,,,,,,,,,,,,,,11250,,,,,,,,,,,,21036.43,,22308.51,,,,,,,21042.77,,
2028/01,,,,,,,,,,,,,,,,,,,,,,,3268.09,,21591.06,,,,,,,,16690,,20640,,,,,,,,,,,,200,,,,,,,,,,,,,,,,22531.06,10482.5,,,,,,,,,,,,,7595,,,5100,,,,,,,,,,,,,,,,,19000,,,,,,,,,,,,,,,,,,,,,25445.11,
2028/02,,,,,,,,22978.72,,3363.83,,,,,,,,,,,,,,,,,,,,,,,,,,,,,25200,,,,,,,24000,,,,,,,,,,,,,,,,,,,,,,,,20523.19,,,,,,,,,,,,,,,,,,,,,29900,,,,,,,,,,,,,,,,,,,,,,,,,18536.17,,,
2028/03,,,33016.04,,,,,,,,,,22743.18,,,,,,41500,2587.23,20255.32,,,,,,,,,,,,,11250,,54450,,,,,,,,,,,,,,,,43800,,,,,,,,18301.28,23901.6,,,,,,,25770.43,,,,11000,11875,,,,,21123.4,,,13750,,,,,,,17350.64,,37125,,,,,17246.81,,,,,,,,,,,,,,,,23099.57,,,,1702.13,,,,
2028/04,,,,17390,,,23665.53,,,,32200,,,,,,,,,,,,,29004.89,,,,,7837.5,,,,,,,,,,,,,,21759.15,,,,,,,,,,,,,,,,23245.96,,,2993.62,,,,19818.22,,,,,,,,,,7500,,,,,,,,,,,,,,,,,,,,,,,,,,,,,,,,,,,,,,,,,,,
2028/05,31829.79,16442.55,,,10230,,,,,,,,,,,,,,,,,,,,,,22787.23,,,,,17627.13,,,,,,,,19929.79,,,,17808,22687.5,,,,,,,,44505,194427.01,,,,,,,,,,,,,,,,,,,,85650,,,,,,,,,10834.47,14790,,,,,19972.34,,,,18195.74,8000,,,,20894.04,,,,,,,,,14562,,21319.15,,,33191.49,7500,39442,,,,,
2028/06,,,,,,1723.4,,,,,,,,232297.82,32565,8855,,,,,,,,,,,,,,,,,,,,,,,,,,,,,,,,,,,,,,,,,,,,,,,,,,,,,,,,,,,,,,,28985,,,,,,,,,,,,,,,,,,,,,,,3631.25,8550,,,,,21036.43,,22308.51,,,,,,,21042.77,,9262.5
2028/07,,,,,,,,,,,,,,,,,,,,,,,3268.09,,21591.06,,,,,,,,,,,,,,,,,,,,,,,,,,,,,,,,,,,,,,22531.06,,,,10150,,,,,,,,,,,,,,,,,,,,,,,,,,,,,,,,16776,11350.6,,,,4800,,,,,,,,,,,,,,25445.11,
2028/08,,,,,,,,22978.72,,3363.83,,,,,,,,,,,,60000,,,,,,,,,,,,,,,,,,,,,,,,,,,,,,,,,,60660,0,,,,,,,,,,,,,20523.19,,,,,,,,,,,,,,,,,,,,,29900,,,,,,,,,,,,,,,,,,,,,,,,,18536.17,,,
2028/09,,,33016.04,,,,,,39114,,,,22743.18,,,,,,,2587.23,20255.32,,,,,,,,,,43542,,,,,,,28834.76,,,,,,,,,,,,,,,,,,,,,,18301.28,23901.6,,,,,,,25770.43,,,13925,,,,,,,21123.4,,,,22000,,,,,,17350.64,,,,8470,,,17246.81,,,,,,,,,,,,,,,,23099.57,,,,1702.13,,,,
2028/10,,,,,,,23665.53,,,,,,,,,,,,,,,,,29004.89,,,,,,,,17627.13,,,,,,,,,32500,6300,21759.15,,,,,,20010,,2000,,,,,,,,23245.96,,,2993.62,,,9310,19818.22,,,38057.5,,,,,,,,,,,,,,,,,17906.25,70300,,,,,,,,,,,,,,,,,,44705.08,11250,,,,,,,,,,,,,
2028/11,31829.79,16442.55,,,,,,,,,,143385,,,,,,6292.8,,,,,,,,78750,22787.23,,,,,,,,,,,,,19929.79,,,,,,,,27600,,,,,,,,,,,,,,,,,,,,,,,,,,,14614.72,,,,,,,,10834.47,,8730,,,,19972.34,,,,18195.74,,,,,20894.04,,,6875,,,,,,,,21319.15,,,33191.49,,,,,,,
2028/12,,,,,,1723.4,,,,,,,,,,,11391.93,,,,,,,,,,,15296.5,,42560,,,,,,,10000,,,,,,,,,,,,,16187.5,,,,,,,,,,,,,,,,,,,,,,,,,,,,,,,,,,,,,,,,,,,,,,11250,,,,,,,,,,,,21036.43,,22308.51,,,,,,,21042.77,,
2029/01,,,,,,,,,,,,,,,,,,,,,,,3268.09,,21591.06,,,,,,,,16690,,20640,,,,,,,,,,,,200,,,,,,,,,,,,,,,,22531.06,10482.5,,,,,,,,,,,,,7595,,,5100,,,,,,,,,,,,,,,,,19000,,,,,,,,,,,,,,,,,,,,,25445.11,
2029/02,,,,,,,,22978.72,,3363.83,,,,,,,,,,,,,,,,,,,,,,,,,,,,,25200,,,,,,,24000,,,,,,,,,,,,,,,,,,,,,,,,20523.19,,,,,,,,,,,,,,,,,,,,,29900,,,,,,,,,,,,,,,,,,,,,,,,,18536.17,,,
2029/03,,,33016.04,,,,,,,,,,22743.18,,,,,,41500,2587.23,20255.32,,,,,,,,,,,,,11250,,54450,,,,,,,,,,,,,,,,43800,,,,,,,,18301.28,23901.6,,,,,,,25770.43,,,,11000,11875,,,,,21123.4,,,13750,,,,,,,17350.64,,37125,,,,,17246.81,,,,,,,,,,,,,,,,23099.57,,,,1702.13,,,,
2029/04,,,,17390,,,23665.53,,,,32200,,,,,,,,,,,,,29004.89,,,,,7837.5,,,17627.13,,,,,,,,,,,21759.15,,,,,,,,,,,,,,,,23245.96,,,2993.62,,,,19818.22,,,,,,,,,,7500,,,,,,,,,,,,,,,,,,,,,,,,,,,,,,,,,,,,,,,,,,,
2029/05,31829.79,16442.55,,,10230,,,,,,,,,,,,,,,,,,,,,,22787.23,,,,,,,,,,,,,19929.79,,,,17808,22687.5,,,,,,,,44505,194427.01,,,,,,,,,,,,,,,,,,,,85650,,,,,,,,,10834.47,14790,,,,,19972.34,,,,18195.74,8000,,,,20894.04,,,,,,,,,14562,,21319.15,,,33191.49,7500,39442,,,,,
2029/06,,,,,,1723.4,,,,,,,,232297.82,32565,8855,,,,,,,,,,,,,,,,,,,,,,,,,,,,,,,,,,,,,,,,,,,,,,,,,,,,,,,,,,,,,,,28985,,,,,,,,,,,,,,,,,,,,,,,3631.25,8550,,,,,21036.43,,22308.51,,,,,,,21042.77,,9262.5
2029/07,,,,,,,,,,,,,,,,,,,,,,,3268.09,,21591.06,,,,,,,,,,,,,,,,,,,,,,,,,,,,,,,,,,,,,,22531.06,,,,10150,,,,,,,,,,,,,,,,,,,,,,,,,,,,,,,,16776,11350.6,,,,4800,,,,,,,,,,,,,,25445.11,
2029/08,,,,,,,,22978.72,,3363.83,,,,,,,,,,,,60000,,,,,,,,,,,,,,,,,,,,,,,,,,,,,,,,,,60660,0,,,,,,,,,,,,,20523.19,,,,,,,,,,,,,,,,,,,,,29900,,,,,,,,,,,,,,,,,,,,,,,,,18536.17,,,
2029/09,,,33016.04,,,,,,39114,,,,22743.18,,,,,,,2587.23,20255.32,,,,,,,,,,43542,,,,,,,28787.74,,,,,,,,,,,,,,,,,,,,,,18301.28,23901.6,,,,,,,25770.43,,,13925,,,,,,,21123.4,,,,22000,,,,,,17350.64,,,,8470,,,17246.81,,,,,,,,,,,,,,,,23099.57,,,,1702.13,,,,
2029/10,,,,,,,23665.53,,,,,,,,,,,,,,,,,29004.89,,,,,,,,17627.13,,,,,,,,,32500,6300,21759.15,,,,,,20010,,2000,,,,,,,,23245.96,,,2993.62,,,9310,19818.22,,,38057.5,,,,,,,,,,,,,,,,,17906.25,70300,,,,,,,,,,,,,,,,,,44654.92,11250,,,,,,,,,,,,,
2029/11,31829.79,16442.55,,,,,,,,,,143385,,,,,,6292.8,,,,,,,,78750,22787.23,,,,,,,,,,,,,19929.79,,,,,,,,27600,,,,,,,,,,,,,,,,,,,,,,,,,,,14614.72,,,,,,,,10834.47,,8730,,,,19972.34,,,,18195.74,,,,,20894.04,,,6875,,,,,,,,21319.15,,,33191.49,,,,,,,
2029/12,,,,,,1723.4,,,,,,,,,,,11391.93,,,,,,,,,,,15291,,42560,,,,,,,10000,,,,,,,,,,,,,16187.5,,,,,,,,,,,,,,,,,,,,,,,,,,,,,,,,,,,,,,,,,,,,,,11250,,,,,,,,,,,,21036.43,,22308.51,,,,,,,21042.77,,
2030/01,,,,,,,,,,,,,,,,,,,,,,,3268.09,,21591.06,,,,,,,,16690,,20640,,,,,,,,,,,,200,,,,,,,,,,,,,,,,22531.06,10482.5,,,,,,,,,,,,,7595,,,5100,,,,,,,,,,,,,,,,,19000,,,,,,,,,,,,,,,,,,,,,25445.11,
2030/02,,,,,,,,22978.72,,3363.83,,,,,,,,,,,,,,,,,,,,,,,,,,,,,25200,,,,,,,24000,,,,,,,,,,,,,,,,,,,,,,,,20523.19,,,,,,,,,,,,,,,,,,,,,29900,,,,,,,,,,,,,,,,,,,,,,,,,18536.17,,,
2030/03,,,33016.04,,,,,,,,,,22743.18,,,,,,41500,2587.23,20255.32,,,,,,,,,,,,,11250,,54450,,,,,,,,,,,,,,,,43800,,,,,,,,18301.28,23901.6,,,,,,,25770.43,,,,11000,11875,,,,,21123.4,,,13750,,,,,,,17350.64,,37125,,,,,17246.81,,,,,,,,,,,,,,,,23099.57,,,,1702.13,,,,
2030/04,,,,17390,,,23665.53,,,,32200,,,,,,,,,,,,,29004.89,,,,,7837.5,,,17627.13,,,,,,,,,,,21759.15,,,,,,,,,,,,,,,,23245.96,,,2993.62,,,,19818.22,,,,,,,,,,7500,,,,,,,,,,,,,,,,,,,,,,,,,,,,,,,,,,,,,,,,,,,
2030/05,31829.79,16442.55,,,10230,,,,,,,,,,,,,,,,,,,,,,22787.23,,,,,,,,,,,,,19929.79,,,,17808,22687.5,,,,,,,,44505,194427.01,,,,,,,,,,,,,,,,,,,,85650,,,,,,,,,10834.47,14790,,,,,19972.34,,,,18195.74,8000,,,,20894.04,,,,,,,,,14562,,21319.15,,,33191.49,7500,39442,,,,,
2030/06,,,,,,1723.4,,,,,,,,232297.82,32565,8855,,,,,,,,,,,,,,,,,,,,,,,,,,,,,,,,,,,,,,,,,,,,,,,,,,,,,,,,,,,,,,,28985,,,,,,,,,,,,,,,,,,,,,,,3631.25,8550,,,,,,,22308.51,,,,,,,,,9262.5
2030/07,,,,,,,,,,,,,,,,,,,,,,,3268.09,,21591.06,,,,,,,,,,,,,,,,,,,,,,,,,,,,,,,,,,,,,,22531.06,,,,10150,,,,,,,,,,,,,,,,,,,,,,,,,,,,,,,,16776,11350.6,,,,4800,,,,21036.43,,,,,,,,,21042.77,25445.11,
2030/08,,,,,,,,22978.72,,3363.83,,,,,,,,,,,,60000,,,,,,,,,,,,,,,,,,,,,,,,,,,,,,,,,,60660,0,,,,,,,,,,,,,20523.19,,,,,,,,,,,,,,,,,,,,,29900,,,,,,,,,,,,,,,,,,,,,,,,,18536.17,,,
2030/09,,,33016.04,,,,,,39114,,,,22743.18,,,,,,,2587.23,20255.32,,,,,,,,,,43542,,,,,,,28811.25,,,,,,,,,,,,,,,,,,,,,,18301.28,23901.6,,,,,,,25770.43,,,13925,,,,,,,21123.4,,,,22000,,,,,,17350.64,,,,8470,,,17246.81,,,,,,,,,,,,,,,,23099.57,,,,1702.13,,,,
2030/10,,,,,,,23665.53,,,,,,,,,,,,,,,,,29004.89,,,,,,,,17627.13,,,,,,,,,32500,6300,21759.15,,,,,,20010,,2000,,,,,,,,23245.96,,,2993.62,,,9310,19818.22,,,38057.5,,,,,,,,,,,,,,,,,17906.25,70300,,,,,,,,,,,,,,,,,,44680,11250,,,,,,,,,,,,,
2030/11,31829.79,16442.55,,,,,,,,,,143385,,,,,,6292.8,,,,,,,,78750,22787.23,,,,,,,,,,,,,19929.79,,,,,,,,27600,,,,,,,,,,,,,,,,,,,,,,,,,,,14614.72,,,,,,,,10834.47,,8730,,,,19972.34,,,,18195.74,,,,,20894.04,,,,,,,,,,,21319.15,,,33191.49,,,,,,,
2030/12,,,,,,1723.4,,,,,,,,,,,11391.93,,,,,,,,,,,15293.75,,42560,,,,,,,10000,,,,,,,,,,,,,16187.5,,,,,,,,,,,,,,,,,,,,,,,,,,,,,,,,,,,,,,,,,,,,,,11250,,,,,6875,,,,,,,21036.43,,22308.51,,,,,,,21042.77,,
2031/01,,,,,,,,,,,,,,,,,,,,,,,3268.09,,21591.06,,,,,,,,16690,,20640,,,,,,,,,,,,200,,,,,,,,,,,,,,,,22531.06,10482.5,,,,,,,,,,,,,7595,,,5100,,,,,,,,,,,,,,,,,19000,,,,,,,,,,,,,,,,,,,,,25445.11,
2031/02,,,,,,,,22978.72,,3363.83,,,,,,,,,,,,,,,,,,,,,,,,,,,,,25200,,,,,,,24000,,,,,,,,,,,,,,,,,,,,,,,,20523.19,,,,,,,,,,,,,,,,,,,,,29900,,,,,,,,,,,,,,,,,,,,,,,,,18536.17,,,
2031/03,,,33016.04,,,,,,,,,,22743.18,,,,,,41500,2587.23,20255.32,,,,,,,,,,,,,11250,,54450,,,,,,,,,,,,,,,,43800,,,,,,,,18301.28,23901.6,,,,,,,25770.43,,,,11000,11875,,,,,21123.4,,,13750,,,,,,,17350.64,,37125,,,,,17246.81,,,,,,,,,,,,,,,,23099.57,,,,1702.13,,,,
2031/04,,,,17390,,,23665.53,,,,32200,,,,,,,,,,,,,29004.89,,,,,7837.5,,,17627.13,,,,,,,,,,,21759.15,,,,,,,,,,,,,,,,23245.96,,,2993.62,,,,19818.22,,,,,,,,,,7500,,,,,,,,,,,,,,,,,,,,,,,,,,,,,,,,,,,,,,,,,,,
2031/05,31829.79,16442.55,,,10230,,,,,,,,,,,,,,,,,,,,,,22787.23,,,,,,,,,,,,,19929.79,,,,17808,,,,,,,,,44505,194427.01,,,,,,,,,,,,,,,,,,,,85650,,,,,,,,,10834.47,14790,,,,,19972.34,,,,18195.74,8000,,,,20894.04,,,,,,,,,14562,,21319.15,,,33191.49,7500,39442,,,,,
2031/06,,,,,,1723.4,,,,,,,,232297.82,32565,8855,,,,,,,,,,,,,,,,,,,,,,,,,,,,,22687.5,,,,,,,,,,,,,,,,,,,,,,,,,,,,,,,,,,28985,,,,,,,,,,,,,,,,,,,,,,,3631.25,8550,,,,,21036.43,,22308.51,,,,,,,21042.77,,9262.5
2031/07,,,,,,,,,,,,,,,,,,,,,,,3268.09,,21591.06,,,,,,,,,,,,,,,,,,,,,,,,,,,,,,,,,,,,,,22531.06,,,,10150,,,,,,,,,,,,,,,,,,,,,,,,,,,,,,,,16776,11350.6,,,,4800,,,,,,,,,,,,,,25445.11,
2031/08,,,,,,,,22978.72,,3363.83,,,,,,,,,,,,60000,,,,,,,,,,,,,,,,,,,,,,,,,,,,,,,,,,60660,0,,,,,,,,,,,,,20523.19,,,,,,,,,,,,,,,,,,,,,29900,,,,,,,,,,,,,,,,,,,,,,,,,18536.17,,,
2031/09,,,33016.04,,,,,,39114,,,,22743.18,,,,,,,2587.23,20255.32,,,,,,,,,,43542,,,,,,,28811.25,,,,,,,,,,,,,,,,,,,,,,18301.28,23901.6,,,,,,,25770.43,,,13925,,,,,,,21123.4,,,,22000,,,,,,17350.64,,,,1702470,,,17246.81,,,,,,,,,,,,,,,,23099.57,,,,1702.13,,,,
2031/10,,,,,,,23665.53,,,,,,,,,,,,,,,,,29004.89,,,,,,,,17627.13,,,,,,,,,32500,6300,21759.15,,,,,,20010,,2000,,,,,,,,23245.96,,,2993.62,,,9310,19818.22,,,38057.5,,,,,,,,,,,,,,,,,17906.25,70300,,,,,,,,,,,,,,,,,,44680,11250,,,,,,,,,,,,,
2031/11,31829.79,16442.55,,,,,,,,,,143385,,,,,,6292.8,,,,,,,,78750,22787.23,,,,,,,,,,,,,19929.79,,,,,,,,27600,,,,,,,,,,,,,,,,,,,,,,,,,,,14614.72,,,,,,,,10834.47,,8730,,,,19972.34,,,,18195.74,,,,,20894.04,,,,,,,,,,,21319.15,,,33191.49,,,,,,,
2031/12,,,,,,1723.4,,,,,,,,,,,11391.93,,,,,,,,,,,15293.75,,42560,,,,,,,10000,,,,,,,,,,,,,16187.5,,,,,,,,,,,,,,,,,,,,,,,,,,,,,,,,,,,,,,,,,,,,,,11250,,,,,6875,,,,,,,21036.43,,22308.51,,,,,,,21042.77,,
2032/01,,,,,,,,,,,,,,,,,,,,,,,3268.09,,21591.06,,,,,,,,1685690,,20640,,,,,,,,,,,,200,,,,,,,,,,,,,,,,22531.06,10482.5,,,,,,,,,,,,,7595,,,5100,,,,,,,,,,,,,,,,,19000,,,,,,,,,,,,,,,,,,,,,25445.11,
2032/02,,,,,,,,22978.72,,3363.83,,,,,,,,,,,,,,,,,,,,,,,,,,,,,25200,,,,,,,,,,,,,,,,,,,,,,,,,,,,,,,20523.19,,,,,,,,,,,,,,,,,,,,,29900,,,,,,,,,,,,,,,,,,,,,,,,,18536.17,,,
2032/03,,,33016.04,,,,,,,,,,22743.18,,,,,,41500,2587.23,20255.32,,,,,,,,,,,,,11250,,54450,,,,,,,,,,24000,,,,,,43800,,,,,,,,18301.28,23901.6,,,,,,,25770.43,,,,11000,11875,,,,,21123.4,,,13750,,,,,,,17350.64,,37125,,,,,17246.81,,,,,,,,,,,,,,,,23099.57,,,,1702.13,,,,
2032/04,,,,17390,,,23665.53,,,,32200,,,,,,,,,,,,,29004.89,,,,,7837.5,,,17627.13,,,,,,,,,,,21759.15,,,,,,,,,,,,,,,,23245.96,,,2993.62,,,,19818.22,,,,,,,,,,7500,,,,,,,,,,,,,,,,,,,,,,,,,,,,,,,,,,,,,,,,,,,
2032/05,31829.79,16442.55,,,10230,,,,,,,,,,,,,,,,,,,,,,22787.23,,,,,,,,,,,,,19929.79,,,,1617808,22687.5,,,,,,,,44505,194427.01,,,,,,,,,,,,,,,,,,,,85650,,,,,,,,,10834.47,14790,,,,,19972.34,,,,18195.74,8000,,,,20894.04,,,,,,,,,14562,,21319.15,,,33191.49,7500,39442,,,,,
2032/06,,,,,,1723.4,,,,,,,,232297.82,32565,8855,,,,,,,,,,,,,,,,,,,,,,,,,,,,,,,,,,,,,,,,,,,,,,,,,,,,,,,,,,,,,,,28985,,,,,,,,,,,,,,,,,,,,,,,3631.25,8550,,,,,21036.43,,22308.51,,,,,,,21042.77,,9262.5
2032/07,,,,,,,,,,,,,,,,,,,,,,,3268.09,,21591.06,,,,,,,,,,,,,,,,,,,,,,,,,,,,,,,,,,,,,,22531.06,,,,10150,,,,,,,,,,,,,,,,,,,,,,,,,,,,,,,,16776,11350.6,,,,644800,,,,,,,,,,,,,,25445.11,
2032/08,,,,,,,,22978.72,,3363.83,,,,,,,,,,,,60000,,,,,,,,,,,,,,,,,,,,,,,,,,,,,,,,,,60660,0,,,,,,,,,,,,,20523.19,,,,,,,,,,,,,,,,,,,,,29900,,,,,,,,,,,,,,,,,,,,,,,,,18536.17,,,
2032/09,,,33016.04,,,,,,39114,,,,22743.18,,,,,,,2587.23,20255.32,,,,,,,,,,43542,,,,,,,28834.76,,,,,,,,,,,,,,,,,,,,,,18301.28,23901.6,,,,,,,25770.43,,,13925,,,,,,,21123.4,,,,22000,,,,,,17350.64,,,,,,,17246.81,,,,,,,,,,,,,,,,23099.57,,,,1702.13,,,,
2032/10,,,,,,,23665.53,,,,,,,,,,,,,,,,,29004.89,,,,,,,,17627.13,,,,,,,,,32500,6300,21759.15,,,,,,20010,,2000,,,,,,,,23245.96,,,2993.62,,,9310,19818.22,,,38057.5,,,,,,,,,,,,,,,,,,70300,,,,,,,,,,,,,,,,,,44705.08,11250,,,,,,,,,,,,,
2032/11,31829.79,16442.55,,,,,,,,,,143385,,,,,,6292.8,,,,,,,,78750,22787.23,,,,,,,,,,,,,19929.79,,,,,,,,27600,,,,,,,,,,,,,,,,,,,,,,,,,,,14614.72,,,,,,,,10834.47,,8730,17906.25,,,19972.34,,,,18195.74,,,,,20894.04,,,6875,,,,,,,,21319.15,,,33191.49,,,,,,,
2032/12,,,,,,1723.4,,,,,,,,,,,11391.93,,,,,,,,,,,15296.5,,42560,,,,,,,10000,,,,,,,,,,,,,16187.5,,,,,,,,,,,,,,,,,,,,,,,,,,,,,,,,,,,,,,,,,,,,,,11250,,,,,,,,,,,,21036.43,,22308.51,,,,,,,21042.77,,
2033/01,,,,,,,,,,,,,,,,,,,,,,,3268.09,,21591.06,,,,,,,,,,20640,,,,,,,,,,,,200,,,,,,,,,,,,,,,,22531.06,10482.5,,,,,,,,,,,,,7595,,,5100,,,,,,,,,,,,,,,,,19000,,,,,,,,,,,,,,,,,,,,,25445.11,
2033/02,,,,,,,,22978.72,,3363.83,,,,,,,,,,,,,,,,,,,,,,,,,,,,,25200,,,,,,,24000,,,,,,,,,,,,,,,,,,,,,,,,20523.19,,,,,,,,,,,,,,,,,,,,,29900,,,,,,,,,,,,,,,,,,,,,,,,,18536.17,,,
2033/03,,,33016.04,,,,,,,,,,22743.18,,,,,,41500,2587.23,20255.32,,,,,,,,,,,,,11250,,54450,,,,,,,,,,,,,,,,43800,,,,,,,,18301.28,23901.6,,,,,,,25770.43,,,,11000,11875,,,,,21123.4,,,13750,,,,,,,17350.64,,37125,,,,,17246.81,,,,,,,,,,,,,,,,23099.57,,,,1702.13,,,,
2033/04,,,,17390,,,23665.53,,,,32200,,,,,,,,,,,,,29004.89,,,,,7837.5,,,17627.13,,,,,,,,,,,21759.15,,,,,,,,,,,,,,,,23245.96,,,2993.62,,,,19818.22,,,,,,,,,,7500,,,,,,,,,,,,,,,,,,,,,,,,,,,,,,,,,,,,,,,,,,,
2033/05,31829.79,16442.55,,,10230,,,,,,,,,,,,,,,,,,,,,,22787.23,,,,,,,,,,,,,19929.79,,,,,22687.5,,,,,,,,44505,194427.01,,,,,,,,,,,,,,,,,,,,85650,,,,,,,,,10834.47,14790,,,,,19972.34,,,,18195.74,8000,,,,20894.04,,,,,,,,,14562,,21319.15,,,33191.49,7500,39442,,,,,
2033/06,,,,,,1723.4,,,,,,,,232297.82,32565,8855,,,,,,,,,,,,,,,,,,,,,,,,,,,,,,,,,,,,,,,,,,,,,,,,,,,,,,,,,,,,,,,28985,,,,,,,,,,,,,,,,,,,,,,,3631.25,8550,,,,,21036.43,,22308.51,,,,,,,21042.77,,9262.5
2033/07,,,,,,,,,,,,,,,,,,,,,,,3268.09,,21591.06,,,,,,,,,,,,,,,,,,,,,,,,,,,,,,,,,,,,,,22531.06,,,,10150,,,,,,,,,,,,,,,,,,,,,,,,,,,,,,,,16776,11350.6,,,,,,,,,,,,,,,,,,25445.11,
2033/08,,,,,,,,22978.72,,3363.83,,,,,,,,,,,,60000,,,,,,,,,,,,,,,,,,,,,,,,,,,,,,,,,,60660,0,,,,,,,,,,,,,20523.19,,,,,,,,,,,,,,,,,,,,,29900,,,,,,,,,,,,,,,,,,,,,,,,,18536.17,,,
2033/09,,,33016.04,,,,,,39114,,,,22743.18,,,,,,,2587.23,20255.32,,,,,,,,,,43542,,,,,,,28787.74,,,,,,,,,,,,,,,,,,,,,,18301.28,23901.6,,,,,,,25770.43,,,13925,,,,,,,21123.4,,,,22000,,,,,,17350.64,,,,,,,17246.81,,,,,,,,,,,,,,,,23099.57,,,,1702.13,,,,
2033/10,,,,,,,23665.53,,,,,,,,,,,,,,,,,29004.89,,,,,,,,17627.13,,,,,,,,,32500,6300,21759.15,,,,,,20010,,2000,,,,,,,,23245.96,,,2993.62,,,9310,19818.22,,,38057.5,,,,,,,,,,,,,,,,,17906.25,70300,,,,,,,,,,,,,,,,,,44654.92,11250,,,,,,,,,,,,,
2033/11,31829.79,16442.55,,,,,,,,,,143385,,,,,,6292.8,,,,,,,,1878750,22787.23,,,,,,,,,,,,,19929.79,,,,,,,,27600,,,,,,,,,,,,,,,,,,,,,,,,,,,14614.72,,,,,,,,10834.47,,8730,,,,19972.34,,,,18195.74,,,,,20894.04,,,6875,,,,,,,,21319.15,,,33191.49,,,,,,,
2033/12,,,,,,1723.4,,,,,,,,,,,11391.93,,,,,,,,,,,15291,,42560,,,,,,,10000,,,,,,,,,,,,,16187.5,,,,,,,,,,,,,,,,,,,,,,,,,,,,,,,,,,,,,,,,,,,,,,11250,,,,,,,,,,,,21036.43,,22308.51,,,,,,,21042.77,,
2034/01,,,,,,,,,,,,,,,,,,,,,,,3268.09,,21591.06,,,,,,,,,,20640,,,,,,,,,,,,200,,,,,,,,,,,,,,,,22531.06,10482.5,,,,,,,,,,,,,7595,,,5100,,,,,,,,,,,,,,,,,19000,,,,,,,,,,,,,,,,,,,,,25445.11,
2034/02,,,,,,,,22978.72,,3363.83,,,,,,,,,,,,,,,,,,,,,,,,,,,,,25200,,,,,,,24000,,,,,,,,,,,,,,,,,,,,,,,,20523.19,,,,,,,,,,,,,,,,,,,,,29900,,,,,,,,,,,,,,,,,,,,,,,,,18536.17,,,
2034/03,,,33016.04,,,,,,,,,,22743.18,,,,,,41500,2587.23,20255.32,,,,,,,,,,,,,11250,,54450,,,,,,,,,,,,,,,,43800,,,,,,,,18301.28,23901.6,,,,,,,25770.43,,,,11000,11875,,,,,21123.4,,,13750,,,,,,,17350.64,,37125,,,,,17246.81,,,,,,,,,,,,,,,,23099.57,,,,1702.13,,,,
2034/04,,,,17390,,,23665.53,,,,32200,,,,,,,,,,,,,29004.89,,,,,7837.5,,,,,,,,,,,,,,21759.15,,,,,,,,,,,,,,,,23245.96,,,2993.62,,,,19818.22,,,,,,,,,,7500,,,,,,,,,,,,,,,,,,,,,,,,,,,,,,,,,,,,,,,,,,,
2034/05,31829.79,16442.55,,,10230,,,,,,,,,,,,,,,,,,,,,,22787.23,,,,,17627.13,,,,,,,,19929.79,,,,,22687.5,,,,,,,,44505,194427.01,,,,,,,,,,,,,,,,,,,,85650,,,,,,,,,10834.47,14790,,,,,19972.34,,,,18195.74,8000,,,,20894.04,,,,,,,,,14562,,21319.15,,,33191.49,7500,39442,,,,,
2034/06,,,,,,1723.4,,,,,,,,232297.82,32565,8855,,,,,,,,,,,,,,,,,,,,,,,,,,,,,,,,,,,,,,,,,,,,,,,,,,,,,,,,,,,,,,,28985,,,,,,,,,,,,,,,,,,,,,,,3631.25,8550,,,,,21036.43,,22308.51,,,,,,,21042.77,,9262.5
2034/07,,,,,,,,,,,,,,,,,,,,,,,3268.09,,21591.06,,,,,,,,,,,,,,,,,,,,,,,,,,,,,,,,,,,,,,22531.06,,,,10150,,,,,,,,,,,,,,,,,,,,1952580.55,,,,,,,,,,,,16776,11350.6,,,,,,,,,,,,,,,,,,25445.11,
2034/08,,,,,,,,22978.72,,3363.83,,,,,,,,,,,,60000,,,,,,,,,,,,,,,,,,,,,,,,,,,,,,,,,,60660,0,,,,,,,,,,,,,20523.19,,,,,,,,,,,,,,,,,,,,,29900,,,,,,,,,,,,,,,,,,,,,,,,,18536.17,,,
2034/09,,,33016.04,,,,,,39114,,,,22743.18,,,,,,,2587.23,20255.32,,,,,,,,,,43542,,,,,,,28811.25,,,,,,,,,,,,,,,,,,,,,,18301.28,23901.6,,,,,,,25770.43,,,13925,,,,,,,21123.4,,,,22000,,,,,,17350.64,,,,,,,17246.81,,,,,,,,,,,,,,,,23099.57,,,,1702.13,,,,
2034/10,,,,,,,23665.53,,,,,,,,,,,,,,,,,29004.89,,,,,,,,17627.13,,,,,,,,,32500,636300,21759.15,,,,,,20010,,2000,,,,,,,,23245.96,,,2993.62,,,9310,19818.22,,,38057.5,,,,,,,,,,,,,,,,,17906.25,,,,,,,,,,,,,,,,,,,44680,11250,,,,,,,,,,,,,
2034/11,31829.79,16442.55,,,,,,,,,,143385,,,,,,576292.8,,,,,,,,,22787.23,,,,,,,,,,,,,19929.79,,,,,,,,27600,,,,,,,,,,,,,,,,,,,,,,,,,,,14614.72,,,,,,,,10834.47,,8730,,,,19972.34,,,,18195.74,,,,,20894.04,,,6875,,,,,,,,21319.15,,,33191.49,,,,,,,
2034/12,,,,,,1723.4,,,,,,,,,,,11391.93,,,,,,,,,,,15293.75,,42560,,,,,,,10000,,,,,,,,,,,,,16187.5,,,,,,,,,,,,,,,,,,,,,,,,,,,,,,,,,,,,,,,,,,,,,,11250,,,,,,,,,,,,21036.43,,22308.51,,,,,,,21042.77,,
2035/01,,,,,,,,,,,,,,,,,,,,,,,3268.09,,21591.06,,,,,,,,,,20640,,,,,,,,,,,,200,,,,,,,,,,,,,,,,22531.06,10482.5,,,,,,,,,,,,,7595,,,5100,,,,,,,,,,,,,,,,,19000,,,,,,,,,,,,,,,,,,,,,25445.11,
2035/02,,,,,,,,22978.72,,3363.83,,,,,,,,,,,,,,,,,,,,,,,,,,,,,25200,,,,,,,24000,,,,,,,,,,,,,,,,,,,,,,,,20523.19,,,,,,,,,,,,,,,,,,,,,29900,,,,,,,,,,,,,,,,,,,,,,,,,18536.17,,,
2035/03,,,33016.04,,,,,,,,,,22743.18,,,,,,41500,2587.23,20255.32,,,,,,,,,,,,,11250,,54450,,,,,,,,,,,,,,,,43800,,,,,,,,18301.28,23901.6,,,,,,,25770.43,,,,11000,511875,,,,,21123.4,,,13750,,,,,,,17350.64,,37125,,,,,17246.81,,,,,,,,,,,,,,,,23099.57,,,,1702.13,,,,
2035/04,,,,17390,,,23665.53,,,,32200,,,,,,,,,,,,,29004.89,,,,,7837.5,,,17627.13,,,,,,,,,,,21759.15,,,,,,,,,,,,,,,,23245.96,,,2993.62,,,,19818.22,,,,,,,,,,7500,,,,,,,,,,,,,,,,,,,,,,,,,,,,,,,,,,,,,,,,,,,
2035/05,31829.79,16442.55,,,10230,,,,,,,,,,,,,,,,,,,,,,22787.23,,,,,,,,,,,,,19929.79,,,,,22687.5,,,,,,,,44505,194427.01,,,,,,,,,,,,,,,,,,,,85650,,,,,,,,,10834.47,14790,,,,,19972.34,,,,18195.74,8000,,,,20894.04,,,,,,,,,14562,,21319.15,,,33191.49,607500,39442,,,,,
2035/06,,,,,,1723.4,,,,,,,,232297.82,32565,8855,,,,,,,,,,,,,,,,,,,,,,,,,,,,,,,,,,,,,,,,,,,,,,,,,,,,,,,,,,,,,,,28985,,,,,,,,,,,,,,,,,,,,,,,418631.25,8550,,,,,21036.43,,22308.51,,,,,,,21042.77,,9262.5
2035/07,,,,,,,,,,,,,,,,,,,,,,,3268.09,,21591.06,,,,,,,,,,,,,,,,,,,,,,,,,,,,,,,,,,,,,,22531.06,,,,10150,,,,,,,,,,,,,,,,,,,,,,,,,,,,,,,,16776,11350.6,,,,,,,,,,,,,,,,,,25445.11,
2035/08,,,,,,,,22978.72,,3363.83,,,,,,,,,,,,60000,,,,,,,,,,,,,,,,,,,,,,,,,,,,,,,,,,60660,0,,,,,,,,,,,,,20523.19,,,,,,,,,,,,,,,,,,,,,29900,,,,,,,,,,,,,,,,,,,,,,,,,18536.17,,,
2035/09,,,33016.04,,,,,,39114,,,,22743.18,,,,,,,2587.23,20255.32,,,,,,,,,,43542,,,,,,,28811.25,,,,,,,,,,,,,,,,,,,,,,18301.28,23901.6,,,,,,,25770.43,,,13925,,,,,,,21123.4,,,,22000,,,,,,17350.64,,,,,,,17246.81,,,,,,,,,,,,,,,,23099.57,,,,1702.13,,,,
2035/10,,,,,,,23665.53,,,,,,,,,,,,,,,,,29004.89,,,,,,,,17627.13,,,,,,,,,32500,,21759.15,,,,,,20010,,2000,,,,,,,,23245.96,,,2993.62,,,9310,19818.22,,,38057.5,,,,,,,,,,,,,,,,,17906.25,,,,,,,,,,,,,,,,,,,44680,11250,,,,,,,,,,,,,
2035/11,31829.79,16442.55,,,,,,,,,,143385,,,,,,,,,,,,,,,22787.23,,,,,,,,,,,,,19929.79,,,,,,,,27600,,,,,,,,,,,,,,,,,,,,,,,,,,,14614.72,,,,,,,,10834.47,,8730,,,,19972.34,,,,18195.74,,,,,20894.04,,,6875,,,,,,,,21319.15,,,33191.49,,,,,,,
2035/12,,,,,,1723.4,,,,,,,,,,,11391.93,,,,,,,,,,,15293.75,,42560,,,,,,,10000,,,,,,,,,,,,,16187.5,,,,,,,,,,,,,,,,,,,,,,,,,,,,,,,,,,,,,,,,,,,,,,11250,,,,,,,,,,,,21036.43,,22308.51,,,,,,,21042.77,,
2036/01,,,,,,,,,,,,,,,,,,,,,,,3268.09,,21591.06,,,,,,,,,,20640,,,,,,,,,,,,200,,,,,,,,,,,,,,,,22531.06,10482.5,,,,,,,,,,,,,7595,,,5100,,,,,,,,,,,,,,,,,19000,,,,,,,,,,,,,,,,,,,,,25445.11,
2036/02,,,,,,,,22978.72,,3363.83,,,,,,,,,,,,,,,,,,,,,,,,,,,,,25200,,,,,,,24000,,,,,,,,,,,,,,,,,,,,,,,,20523.19,,,,,,,,,,,,,,,,,,,,,29900,,,,,,,,,,,,,,,,,,,,,,,,,18536.17,,,
2036/03,,,33016.04,,,,,,,,,,22743.18,,,,,,41500,2587.23,20255.32,,,,,,,,,,,,,11250,,54450,,,,,,,,,,,,,,,,43800,,,,,,,,18301.28,23901.6,,,,,,,25770.43,,,,11000,,,,,,21123.4,,,13750,,,,,,,17350.64,,37125,,,,,17246.81,,,,,,,,,,,,,,,,23099.57,,,,1702.13,,,,
2036/04,,,,17390,,,23665.53,,,,32200,,,,,,,,,,,,,29004.89,,,,,7837.5,,,17627.13,,,,,,,,,,,21759.15,,,,,,,,,,,,,,,,23245.96,,,2993.62,,,,19818.22,,,,,,,,,,7500,,,,,,,,,,,,,,,,,,,,,,,,,,,,,,,,,,,,,,,,,,,
2036/05,31829.79,16442.55,,,10230,,,,,,,,,,,,,,,,,,,,,,22787.23,,,,,,,,,,,,,19929.79,,,,,,,,,,,,,44505,194427.01,,,,,,,,,,,,,,,,,,,,85650,,,,,,,,,10834.47,14790,,,,,19972.34,,,,18195.74,8000,,,,20894.04,,,,,,,,,14562,,21319.15,,,33191.49,,39442,,,,,
2036/06,,,,,,1723.4,,,,,,,,232297.82,32565,8855,,,,,,,,,,,,,,,,,,,,,,,,,,,,,22687.5,,,,,,,,,,,,,,,,,,,,,,,,,,,,,,,,,,28985,,,,,,,,,,,,,,,,,,,,,,,,8550,,,,,21036.43,,22308.51,,,,,,,21042.77,,9262.5
2036/07,,,,,,,,,,,,,,,,,,,,,,,207523.4,,21591.06,,,,,,,,,,,,,,,,,,,,,,,,,,,,,,,,,,,,,,22531.06,,,,10150,,,,,,,,,,,,,,,,,,,,,,,,,,,,,,,,16776,11350.6,,,,,,,,,,,,,,,,,,25445.11,
2036/08,,,,,,,,22978.72,,3363.83,,,,,,,,,,,,60000,,,,,,,,,,,,,,,,,,,,,,,,,,,,,,,,,,60660,0,,,,,,,,,,,,,20523.19,,,,,,,,,,,,,,,,,,,,,29900,,,,,,,,,,,,,,,,,,,,,,,,,18536.17,,,
2036/09,,,33016.04,,,,,,39114,,,,22743.18,,,,,,,2587.23,20255.32,,,,,,,,,,43542,,,,,,,28834.76,,,,,,,,,,,,,,,,,,,,,,18301.28,23901.6,,,,,,,25770.43,,,13925,,,,,,,21123.4,,,,22000,,,,,,17350.64,,,,,,,17246.81,,,,,,,,,,,,,,,,23099.57,,,,1702.13,,,,
2036/10,,,,,,,23665.53,,,,,,,,,,,,,,,,,29004.89,,,,,,,,17627.13,,,,,,,,,32500,,21759.15,,,,,,20010,,2000,,,,,,,,23245.96,,,2993.62,,,9310,19818.22,,,38057.5,,,,,,,,,,,,,,,,,17906.25,,,,,,,,,,,,,,,,,,,44705.08,11250,,,,,,,,,,,,,
2036/11,31829.79,16442.55,,,,,,,,,,143385,,,,,,,,,,,,,,,22787.23,,,,,,,,,,,,,19929.79,,,,,,,,27600,,,,,,,,,,,,,,,,,,,,,,,,,,,14614.72,,,,,,,,10834.47,,8730,,,,19972.34,,,,18195.74,,,,,20894.04,,,,,,,,,,,21319.15,,,33191.49,,,,,,,
2036/12,,,,,,1723.4,,,,,,,,,,,11391.93,,,,,,,,,,,15296.5,,42560,,,,,,,10000,,,,,,,,,,,,,16187.5,,,,,,,,,,,,,,,,,,,,,,,,,,,,,,,,,,,,,,,,,,,,,,11250,,,,,6875,,,,,,,21036.43,,22308.51,,,,,,,21042.77,,
2037/01,,,,,,,,,,,,,,,,,,,,,,,,,21591.06,,,,,,,,,,20640,,,,,,,,,,,,200,,,,,,,,,,,,,,,,22531.06,10482.5,,,,,,,,,,,,,7595,,,5100,,,,,,,,,,,,,,,,,19000,,,,,,,,,,,,,,,,,,,,,25445.11,
2037/02,,,,,,,,22978.72,,3363.83,,,,,,,,,,,,,,,,,,,,,,,,,,,,,25200,,,,,,,,,,,,,,,,,,,,,,,,,,,,,,,20523.19,,,,,,,,,,,,,,,,,,,,,29900,,,,,,,,,,,,,,,,,,,,,,,,,18536.17,,,
2037/03,,,33016.04,,,,,,,,,,22743.18,,,,,,41500,2587.23,20255.32,,,,,,,,,,,,,11250,,54450,,,,,,,,,,24000,,,,,,43800,,,,,,,,18301.28,23901.6,,,,,,,25770.43,,,,11000,,,,,,21123.4,,,13750,,,,,,,17350.64,,37125,,,,,17246.81,,,,,,,,,,,,,,,,23099.57,,,,1702.13,,,,
2037/04,,,,17390,,,23665.53,,,,32200,,,,,,,,,,,,,29004.89,,,,,7837.5,,,17627.13,,,,,,,,,,,21759.15,,,,,,,,,,,,,,,,23245.96,,,2993.62,,,,19818.22,,,,,,,,,,7500,,,,,,,,,,,,,,,,,,,,,,,,,,,,,,,,,,,,,,,,,,,
2037/05,31829.79,16442.55,,,10230,,,,,,,,,,,,,,,,,,,,,,22787.23,,,,,,,,,,,,,19929.79,,,,,,,,,,,,,44505,194427.01,,,,,,,,,,,,,,,,,,,,,,,,,,,,,10834.47,14790,,,,,19972.34,,,,18195.74,8000,,,,20894.04,,,,,,,,,14562,,21319.15,,,33191.49,,39442,,,,,
2037/06,,,,,,1723.4,,,,,,,,232297.82,32565,8855,,,,,,,,,,,,,,,,,,,,,,,,,,,,,22687.5,,,,,,,,,,,,,,,,,,,,,,,,,,,,,85650,,,,,28985,,,,,,,,,,,,,,,,,,,,,,,,8550,,,,,21036.43,,22308.51,,,,,,,21042.77,,9262.5
2037/07,,,,,,,,,,,,,,,,,,,,,,,,,21591.06,,,,,,,,,,,,,,,,,,,,,,,,,,,,,,,,,,,,,,22531.06,,,,10150,,,,,,,,,,,,,,,,,,,,,,,,,,,,,,,,16776,11350.6,,,,,,,,,,,,,,,,,,25445.11,
2037/08,,,,,,,,22978.72,,3363.83,,,,,,,,,,,,60000,,,,,,,,,,,,,,,,,,,,,,,,,,,,,,,,,,60660,0,,,,,,,,,,,,,20523.19,,,,,,,,,,,,,,,,,,,,,29900,,,,,,,,,,,,,,,,,,,,,,,,,18536.17,,,
2037/09,,,33016.04,,,,,,39114,,,,22743.18,,,,,,,2587.23,20255.32,,,,,,,,,,43542,,,,,,,28787.74,,,,,,,,,,,,,,,,,,,,,,18301.28,23901.6,,,,,,,25770.43,,,13925,,,,,,,21123.4,,,,22000,,,,,,17350.64,,,,,,,17246.81,,,,,,,,,,,,,,,,23099.57,,,,1702.13,,,,
2037/10,,,,,,,23665.53,,,,,,,,,,,,,,,,,29004.89,,,,,,,,17627.13,,,,,,,,,32500,,21759.15,,,,,,20010,,2000,,,,,,,,23245.96,,,2993.62,,,9310,19818.22,,,38057.5,,,,,,,,,,,,,,,,,17906.25,,,,,,,,,,,,,,,,,,,44654.92,11250,,,,,,,,,,,,,
2037/11,31829.79,16442.55,,,,,,,,,,143385,,,,,,,,,,,,,,,22787.23,,,,,,,,,,,,,19929.79,,,,,,,,27600,,,,,,,,,,,,,,,,,,,,,,,,,,,14614.72,,,,,,,,10834.47,,8730,,,,19972.34,,,,18195.74,,,,,20894.04,,,6875,,,,,,,,21319.15,,,33191.49,,,,,,,
2037/12,,,,,,1723.4,,,,,,,,,,,11391.93,,,,,,,,,,,15291,,42560,,,,,,,10000,,,,,,,,,,,,,16187.5,,,,,,,,,,,,,,,,,,,,,,,,,,,,,,,,,,,,,,,,,,,,,,11250,,,,,,,,,,,,21036.43,,22308.51,,,,,,,21042.77,,
2038/01,,,,,,,,,,,,,,,,,,,,,,,,,21591.06,,,,,,,,,,20640,,,,,,,,,,,,200,,,,,,,,,,,,,,,,22531.06,10482.5,,,,,,,,,,,,,7595,,,5100,,,,,,,,,,,,,,,,,19000,,,,,,,,,,,,,,,,,,,,,25445.11,
2038/02,,,,,,,,22978.72,,3363.83,,,,,,,,,,,,,,,,,,,,,,,,,,,,,25200,,,,,,,,,,,,,,,,,,,,,,,,,,,,,,,20523.19,,,,,,,,,,,,,,,,,,,,,29900,,,,,,,,,,,,,,,,,,,,,,,,,18536.17,,,
2038/03,,,33016.04,,,,,,,,,,22743.18,,,,,,1701500,2587.23,20255.32,,,,,,,,,,,,,11250,,54450,,,,,,,,,,24000,,,,,,43800,,,,,,,,18301.28,23901.6,,,,,,,25770.43,,,,11000,,,,,,21123.4,,,13750,,,,,,,17350.64,,37125,,,,,17246.81,,,,,,,,,,,,,,,,23099.57,,,,1702.13,,,,
2038/04,,,,17390,,,23665.53,,,,32200,,,,,,,,,,,,,29004.89,,,,,7837.5,,,17627.13,,,,,,,,,,,21759.15,,,,,,,,,,,,,,,,23245.96,,,2993.62,,,,19818.22,,,,,,,,,,7500,,,,,,,,,,,,,,,,,,,,,,,,,,,,,,,,,,,,,,,,,,,
2038/05,31829.79,16442.55,,,10230,,,,,,,,,,,,,,,,,,,,,,22787.23,,,,,,,,,,,,,19929.79,,,,,22687.5,,,,,,,,44505,194427.01,,,,,,,,,,,,,,,,,,,,85650,,,,,,,,,10834.47,14790,,,,,19972.34,,,,18195.74,8000,,,,20894.04,,,,,,,,,14562,,21319.15,,,33191.49,,39442,,,,,
2038/06,,,,,,1723.4,,,,,,,,232297.82,32565,8855,,,,,,,,,,,,,,,,,,,,,,,,,,,,,,,,,,,,,,,,,,,,,,,,,,,,,,,,,,,,,,,28985,,,,,,,,,,,,,,,,,,,,,,,,8550,,,,,21036.43,,22308.51,,,,,,,21042.77,,9262.5
2038/07,,,,,,,,,,,,,,,,,,,,,,,,,21591.06,,,,,,,,,,,,,,,,,,,,,,,,,,,,,,,,,,,,,,22531.06,,,,10150,,,,,,,,,,,,,,,,,,,,,,,,,,,,,,,,16776,11350.6,,,,,,,,,,,,,,,,,,25445.11,
2038/08,,,,,,,,22978.72,,3363.83,,,,,,,,,,,,60000,,,,,,,,,,,,,,,,,,,,,,,,,,,,,,,,,,60660,0,,,,,,,,,,,,,20523.19,,,,,,,,,,,,,,,,,,,,,29900,,,,,,,,,,,,,,,,,,,,,,,,,18536.17,,,
2038/09,,,33016.04,,,,,,39114,,,,22743.18,,,,,,,2587.23,20255.32,,,,,,,,,,43542,,,,,,,28811.25,,,,,,,,,,,,,,,,,,,,,,18301.28,23901.6,,,,,,,25770.43,,,13925,,,,,,,21123.4,,,,22000,,,,,,17350.64,,,,,,,17246.81,,,,,,,,,,,,,,,,23099.57,,,,1702.13,,,,
2038/10,,,,,,,23665.53,,,,,,,,,,,,,,,,,29004.89,,,,,,,,17627.13,,,,,,,,,32500,,21759.15,,,,,,20010,,2000,,,,,,,,23245.96,,,2993.62,,,9310,19818.22,,,38057.5,,,,,,,,,,,,,,,,,,,,,,,,,,,,,,,,,,,,44680,11250,,,,,,,,,,,,,
2038/11,31829.79,16442.55,,,,,,,,,,143385,,,,,,,,,,,,,,,22787.23,,,,,,,,,,,,,19929.79,,,,,,,,27600,,,,,,,,,,,,,,,,,,,,,,,,,,,14614.72,,,,,,,,10834.47,,8730,972906.25,,,19972.34,,,,18195.74,,,,,20894.04,,,6875,,,,,,,,21319.15,,,33191.49,,,,,,,
2038/12,,,,,,1723.4,,,,,,,,,,,11391.93,,,,,,,,,,,15293.75,,42560,,,,,,,10000,,,,,,,,,,,,,16187.5,,,,,,,,,,,,,,,,,,,,,,,,,,,,,,,,,,,,,,,,,,,,,,11250,,,,,,,,,,,,21036.43,,22308.51,,,,,,,21042.77,,
2039/01,,,,,,,,,,,,,,,,,,,,,,,,,21591.06,,,,,,,,,,20640,,,,,,,,,,,,200,,,,,,,,,,,,,,,,22531.06,10482.5,,,,,,,,,,,,,7595,,,5100,,,,,,,,,,,,,,,,,19000,,,,,,,,,,,,,,,,,,,,,25445.11,
2039/02,,,,,,,,22978.72,,3363.83,,,,,,,,,,,,,,,,,,,,,,,,,,,,,25200,,,,,,,24000,,,,,,,,,,,,,,,,,,,,,,,,20523.19,,,,,,,,,,,,,,,,,,,,,29900,,,,,,,,,,,,,,,,,,,,,,,,,18536.17,,,
2039/03,,,33016.04,,,,,,,,,,22743.18,,,,,,,2587.23,20255.32,,,,,,,,,,,,,11250,,54450,,,,,,,,,,,,,,,,43800,,,,,,,,18301.28,23901.6,,,,,,,25770.43,,,,11000,,,,,,21123.4,,,13750,,,,,,,17350.64,,37125,,,,,17246.81,,,,,,,,,,,,,,,,23099.57,,,,1702.13,,,,
2039/04,,,,17390,,,23665.53,,,,32200,,,,,,,,,,,,,29004.89,,,,,7837.5,,,17627.13,,,,,,,,,,,21759.15,,,,,,,,,,,,,,,,23245.96,,,2993.62,,,,19818.22,,,,,,,,,,7500,,,,,,,,,,,,,,,,,,,,,,,,,,,,,,,,,,,,,,,,,,,
2039/05,31829.79,16442.55,,,10230,,,,,,,,,,,,,,,,,,,,,,22787.23,,,,,,,,,,,,,19929.79,,,,,22687.5,,,,,,,,44505,194427.01,,,,,,,,,,,,,,,,,,,,85650,,,,,,,,,10834.47,14790,,,,,19972.34,,,,18195.74,8000,,,,20894.04,,,,,,,,,14562,,21319.15,,,33191.49,,39442,,,,,
2039/06,,,,,,1723.4,,,,,,,,232297.82,32565,8855,,,,,,,,,,,,,,,,,,,,,,,,,,,,,,,,,,,,,,,,,,,,,,,,,,,,,,,,,,,,,,,28985,,,,,,,,,,,,,,,,,,,,,,,,578550,,,,,21036.43,,22308.51,,,,,,,21042.77,,579262.5
2039/07,,,,,,,,,,,,,,,,,,,,,,,,,21591.06,,,,,,,,,,,,,,,,,,,,,,,,,,,,,,,,,,,,,,22531.06,,,,1170150,,,,,,,,,,,,,,,,,,,,,,,,,,,,,,,,16776,591350.6,,,,,,,,,,,,,,,,,,25445.11,
2039/08,,,,,,,,22978.72,,3363.83,,,,,,,,,,,,60000,,,,,,,,,,,,,,,,,,,,,,,,,,,,,,,,,,60660,0,,,,,,,,,,,,,20523.19,,,,,,,,,,,,,,,,,,,,,29900,,,,,,,,,,,,,,,,,,,,,,,,,18536.17,,,
2039/09,,,33016.04,,,,,,2212114,,,,22743.18,,,,,,,2587.23,20255.32,,,,,,,,,,43542,,,,,,,28811.25,,,,,,,,,,,,,,,,,,,,,,18301.28,23901.6,,,,,,,25770.43,,,13925,,,,,,,21123.4,,,,22000,,,,,,17350.64,,,,,,,17246.81,,,,,,,,,,,,,,,,23099.57,,,,1702.13,,,,
2039/10,,,,,,,23665.53,,,,,,,,,,,,,,,,,29004.89,,,,,,,,17627.13,,,531423.3,,,,,,32500,,21759.15,,,,,,20010,,2000,,,,,,,,23245.96,,,2993.62,,,9310,19818.22,,,38057.5,,,,,,,,,,,,,,,,,,,,,,,,,,,,,,,,,,,,44680,11250,,,,,,,,,,,,,
2039/11,31829.79,16442.55,,,,,,,,,,143385,,,,,,,,,,,,,,,22787.23,,,,,,,,,,,,,19929.79,,,,,,,,27600,,,,,,,,,,,,,,,,,,,,,,,,,,,14614.72,,,,,,,,10834.47,,8730,,,,19972.34,,,,18195.74,,,,,20894.04,,,6875,,,,,,,,21319.15,,,33191.49,,,,,,,
2039/12,,,,,,1723.4,,,,,,,,,,,11391.93,,,,,,,,,,,15293.75,,42560,,,,,,,10000,,,,,,,,,,,,,16187.5,,,,,,,,,,,,,,,,,,,,,,,,,,,,,,,,,,,,,,,,,,,,,,11250,,,,,,,,,,,,21036.43,,22308.51,,,,,,,21042.77,,
2040/01,,,,,,,,,,,,,,,,,,,,,,,,,21591.06,,,,,,,,,,,,,,,,,,,,,,200,,,,,,,,,,,,,,,,22531.06,10482.5,,,,,,,,,,,,,7595,,,5100,,,,,,,,,,,,,,,,,19000,,,,,,,,,,,,,,,,,,,,,25445.11,
2040/02,,,,,,,,22978.72,,3363.83,,,,,,,,,,,,,,,,,,,,,,,,,,,,,25200,,,,,,,24000,,,,,,,,,,,,,,,,,,,,,,,,20523.19,,,,,,,,,,,,,,,,,,,,,29900,,,,,,,,,,,,,,,,,,,,,,,,,18536.17,,,
2040/03,,,33016.04,,,,,,,,,,22743.18,,,,,,,164289.36,20255.32,,,,,,,,,,,,,611250,,54450,,,,,,,,,,,,,,,,43800,,,,,,,,18301.28,23901.6,,,,,,,25770.43,,,,11000,,,,,,21123.4,,,13750,,,,,,,17350.64,,37125,,,,,17246.81,,,,,,,,,,,,,,,,23099.57,,,,1702.13,,,,
2040/04,,,,487390,,,23665.53,,,,32200,,,,,,,,,,,,,29004.89,,,,,577837.5,,,17627.13,,,,,,,,,,,21759.15,,,,,,,,,,,,,,,,23245.96,,,2993.62,,,,19818.22,,,,,,,,,,7500,,,,,,,,,,,,,,,,,,,,,,,,,,,,,,,,,,,,,,,,,,,
2040/05,31829.79,16442.55,,,10230,,,,,,,,,,,,,,,,,,,,,,22787.23,,,,,,,,,,,,,19929.79,,,,,22687.5,,,,,,,,44505,194427.01,,,,,,,,,,,,,,,,,,,,85650,,,,,,,,,10834.47,14790,,,,,19972.34,,,,18195.74,8000,,,,20894.04,,,,,,,,,914562,,21319.15,,,33191.49,,2171442,,,,,
2040/06,,,,,,1723.4,,,,,,,,232297.82,32565,8855,,,,,,,,,,,,,,,,,,,,,,,,,,,,,,,,,,,,,,,,,,,,,,,,,,,,,,,,,,,,,,,28985,,,,,,,,,,,,,,,,,,,,,,,,,,,,,21036.43,,22308.51,,,,,,,21042.77,,
2040/07,,,,,,,,,,,,,,,,,,,,,,,,,21591.06,,,,,,,,,,,,,,,,,,,,,,,,,,,,,,,,,,,,,,22531.06,,,,,,,,,,,,,,,,,,,,,,,,,,,,,,,,,,,,916776,,,,,,,,,,,,,,,,,,,25445.11,
2040/08,,,,,,,,22978.72,,3363.83,,,,,,,,,,,,60000,,,,,,,,,,,,,,,,,,,,,,,,,,,,,,,,,,60660,0,,,,,,,,,,,,,20523.19,,,,,,,,,,,,,,,,,,,,,29900,,,,,,,,,,,,,,,,,,,,,,,,,18536.17,,,
2040/09,,,33016.04,,,,,,,,,,22743.18,,,,,,,,20255.32,,,,,,,,,,43542,,,,,,,28834.76,,,,,,,,,,,,,,,,,,,,,,18301.28,23901.6,,,,,,,25770.43,,,13925,,,,,,,21123.4,,,,22000,,,,,,17350.64,,,,,,,17246.81,,,,,,,,,,,,,,,,23099.57,,,,1702.13,,,,
2040/10,,,,,,,23665.53,,,,,,,,,,,,,,,,,29004.89,,,,,,,,17627.13,,,,,,,,,32500,,21759.15,,,,,,20010,,2002000,,,,,,,,23245.96,,,2993.62,,,9310,19818.22,,,38057.5,,,,,,,,,,,,,,,,,,,,,,,,,,,,,,,,,,,,44705.08,11250,,,,,,,,,,,,,
2040/11,31829.79,16442.55,,,,,,,,,,143385,,,,,,,,,,,,,,,22787.23,,,,,,,,,,,,,19929.79,,,,,,,,27600,,,,,,,,,,,,,,,,,,,,,,,,,,,1690614.72,,,,,,,,10834.47,,8730,,,,19972.34,,,,18195.74,,,,,20894.04,,,1381875,,,,,,,,21319.15,,,33191.49,,,,,,,
2040/12,,,,,,1723.4,,,,,,,,,,,1232391.93,,,,,,,,,,,15296.5,,42560,,,,,,,10000,,,,,,,,,,,,,16187.5,,,,,,,,,,,,,,,,,,,,,,,,,,,,,,,,,,,,,,,,,,,,,,11250,,,,,,,,,,,,21036.43,,22308.51,,,,,,,21042.77,,
2041/01,,,,,,,,,,,,,,,,,,,,,,,,,21591.06,,,,,,,,,,,,,,,,,,,,,,200,,,,,,,,,,,,,,,,22531.06,10482.5,,,,,,,,,,,,,7595,,,5100,,,,,,,,,,,,,,,,,19000,,,,,,,,,,,,,,,,,,,,,25445.11,
2041/02,,,,,,,,22978.72,,3363.83,,,,,,,,,,,,,,,,,,,,,,,,,,,,,25200,,,,,,,24000,,,,,,,,,,,,,,,,,,,,,,,,20523.19,,,,,,,,,,,,,,,,,,,,,29900,,,,,,,,,,,,,,,,,,,,,,,,,18536.17,,,
2041/03,,,33016.04,,,,,,,,,,22743.18,,,,,,,,20255.32,,,,,,,,,,,,,,,54450,,,,,,,,,,,,,,,,43800,,,,,,,,18301.28,23901.6,,,,,,,25770.43,,,,811000,,,,,,21123.4,,,13750,,,,,,,17350.64,,37125,,,,,17246.81,,,,,,,,,,,,,,,,23099.57,,,,1702.13,,,,
2041/04,,,,,,,23665.53,,,,32200,,,,,,,,,,,,,29004.89,,,,,,,,17627.13,,,,,,,,,,,21759.15,,,,,,,,,,,,,,,,23245.96,,,2993.62,,,,19818.22,,,,,,,,,,7500,,,,,,,,,,,,,,,,,,,,,,,,,,,,,,,,,,,,,,,,,,,
2041/05,31829.79,16442.55,,,10230,,,,,,,,,,,,,,,,,,,,,,22787.23,,,,,,,,,,,,,19929.79,,,,,22687.5,,,,,,,,44505,194427.01,,,,,,,,,,,,,,,,,,,,85650,,,,,,,,,10834.47,14790,,,,,780823.4,,,,18195.74,8000,,,,20894.04,,,,,,,,,,,21319.15,,,33191.49,,,,,,,
2041/06,,,,,,1723.4,,,,,,,,232297.82,32565,8855,,,,,,,,,,,,,,,,,,,,,,,,,,,,,,,,,,,,,,,,,,,,,,,,,,,,,,,,,,,,,,,28985,,,,,,,,,,,,,,,,,,,,,,,,,,,,,,,22308.51,,,,,,,,,
2041/07,,,,,,,,,,,,,,,,,,,,,,,,,21591.06,,,,,,,,,,,,,,,,,,,,,,,,,,,,,,,,,,,,,,22531.06,,,,,,,,,,,,,,,,,,,,,,,,,,,,,,,,,,,,,,,,,,,,,21036.43,,,,,,,,,21042.77,25445.11,
2041/08,,,,,,,,22978.72,,3363.83,,,,,,,,,,,,60000,,,,,,,,,,,,,,,,,,,,,,,,,,,,,,,,,,60660,0,,,,,,,,,,,,,20523.19,,,,,,,,,,,,,,,,,,,,,29900,,,,,,,,,,,,,,,,,,,,,,,,,18536.17,,,
2041/09,,,33016.04,,,,,,,,,,22743.18,,,,,,,,20255.32,,,,,,,,,,43542,,,,,,,28787.74,,,,,,,,,,,,,,,,,,,,,,18301.28,23901.6,,,,,,,25770.43,,,1127925,,,,,,,21123.4,,,,22000,,,,,,17350.64,,,,,,,17246.81,,,,,,,,,,,,,,,,23099.57,,,,1702.13,,,,
2041/10,,,,,,,23665.53,,,,,,,,,,,,,,,,,29004.89,,,,,,,,17627.13,,,,,,,,,2632500,,21759.15,,,,,,20010,,,,,,,,,,23245.96,,,2993.62,,,9310,19818.22,,,38057.5,,,,,,,,,,,,,,,,,,,,,,,,,,,,,,,,,,,,44654.92,11250,,,,,,,,,,,,,
2041/11,31829.79,16442.55,,,,,,,,,,143385,,,,,,,,,,,,,,,22787.23,,,,,,,,,,,,,19929.79,,,,,,,,27600,,,,,,,,,,,,,,,,,,,,,,,,,,,,,,,,,,,10834.47,,978730,,,,,,,,18195.74,,,,,20894.04,,,,,,,,,,,21319.15,,,33191.49,,,,,,,
2041/12,,,,,,1723.4,,,,,,,,,,,,,,,,,,,,,,15291,,42560,,,,,,,10000,,,,,,,,,,,,,16187.5,,,,,,,,,,,,,,,,,,,,,,,,,,,,,,,,,,,,,,,,,,,,,,11250,,,,,,,,,,,,21036.43,,22308.51,,,,,,,21042.77,,
2042/01,,,,,,,,,,,,,,,,,,,,,,,,,21591.06,,,,,,,,,,,,,,,,,,,,,,200,,,,,,,,,,,,,,,,761254.47,10482.5,,,,,,,,,,,,,7595,,,5100,,,,,,,,,,,,,,,,,19000,,,,,,,,,,,,,,,,,,,,,25445.11,
2042/02,,,,,,,,22978.72,,3363.83,,,,,,,,,,,,,,,,,,,,,,,,,,,,,25200,,,,,,,24000,,,,,,,,,,,,,,,,,,,,,,,,20523.19,,,,,,,,,,,,,,,,,,,,,29900,,,,,,,,,,,,,,,,,,,,,,,,,18536.17,,,
2042/03,,,33016.04,,,,,,,,,,22743.18,,,,,,,,20255.32,,,,,,,,,,,,,,,54450,,,,,,,,,,,,,,,,43800,,,,,,,,18301.28,23901.6,,,,,,,25770.43,,,,,,,,,,21123.4,,,13750,,,,,,,17350.64,,37125,,,,,17246.81,,,,,,,,,,,,,,,,23099.57,,,,1702.13,,,,
2042/04,,,,,,,23665.53,,,,32200,,,,,,,,,,,,,29004.89,,,,,,,,17627.13,,,,,,,,,,,21759.15,,,,,,,,,,,,,,,,23245.96,,,2993.62,,,,19818.22,,,,,,,,,,7500,,,,,,,,,,,,,,,,,,,,,,,,,,,,,,,,,,,,,,,,,,,
2042/05,31829.79,16442.55,,,10230,,,,,,,,,,,,,,,,,,,,,,22787.23,,,,,,,,,,,,,19929.79,,,,,,,,,,,,,44505,194427.01,,,,,,,,,,,,,,,,,,,,85650,,,,,,,,,10834.47,14790,,,,,,,,,18195.74,8000,,,,20894.04,,,,,,,,,,,21319.15,,,33191.49,,,,,,,
2042/06,,,,,,1723.4,,,,,,,,232297.82,32565,8855,,,,,,,,,,,,,,,,,,,,,,,,,,,,,22687.5,,,,,,,,,,,,,,,,,,,,,,,,,,,,,,,,,,28985,,,,,,,,,,,,,,,,,,,,,,,,,,,,,21036.43,,22308.51,,,,,,,21042.77,,
2042/07,,,,,,,,,,,,,,,,,,,,,,,,,21591.06,,,,,,,,,,,,,,,,,,,,,,,,,,,,,,,,,,,,,,,,,,,,,,,,,,,,,,,,,,,,,,,,,,,,,,,,,,,,,,,,,,,,,,,,,,,,,25445.11,
2042/08,,,,,,,,22978.72,,3363.83,,,,,,,,,,,,60000,,,,,,,,,,,,,,,,,572496.44,,,,,,,,,,,,,,,,,60660,0,,,,,,,,,,,,,20523.19,,,,,,,,,,,,,,,,,,,,,29900,,,,,,,,,,,,,,,,,,,,,,,,,18536.17,,,
2042/09,,,33016.04,,,,,,,,,,22743.18,,,,,,,,20255.32,,,,,,,,,,43542,,,,,,,28811.25,,,,,,,,,,,,,,,,,,,,,,18301.28,23901.6,,,,,,,25770.43,,,,,,,,,,21123.4,,,,22000,,,,,,17350.64,,,,,,,17246.81,,,,,,,,,,,,,,,,23099.57,,,,1702.13,,,,
2042/10,,,,,,,23665.53,,,,,,,,,,,,,,,,,29004.89,,,,,,,,17627.13,,,,,,,,,,,21759.15,,,,,,20010,,,,,,,,,,23245.96,,,2993.62,,,9310,19818.22,,,38057.5,,,,,,,,,,,,,,,,,,,,,,,,,,,,,,,,,,,,44680,11250,,,,,,,,,,,,,
2042/11,1478638.3,16442.55,,,,,,,,,,143385,,,,,,,,,,,,,,,22787.23,,,,,,,,,,,,,19929.79,,,,,,,,27600,,,,,,,,,,,,,,,,,,,,,,,,,,,,,,,,,,,10834.47,,,,,,,,,,18195.74,,,,,20894.04,,,,,,,,,,,21319.15,,,33191.49,,,,,,,
2042/12,,,,,,1723.4,,,,,,,,,,,,,,,,,,,,,,15293.75,,42560,,,,,,,10000,,,,,,,,,,,,,16187.5,,,,,,,,,,,,,,,,,,,,,,,,,,,,,,,,,,,,,,,,,,,,,,11250,,,,,,,,,,,,21036.43,,22308.51,,,,,,,21042.77,,
2043/01,,,,,,,,,,,,,,,,,,,,,,,,,21591.06,,,,,,,,,,,,,,,,,,,,,,200,,,,,,,,,,,,,,,,,10482.5,,,,,,,,,,,,,7595,,,5100,,,,,,,,,,,,,,,,,19000,,,,,,,,,,,,,,,,,,,,,25445.11,
2043/02,,,,,,,,22978.72,,220385.11,,,,,,,,,,,,,,,,,,,,,,,,,,,,,,,,,,,,,,,,,,,,,,,,,,,,,,,,,,,,20523.19,,,,,,,,,,,,,,,,,,,,,29900,,,,,,,,,,,,,,,,,,,,,,,,,18536.17,,,
2043/03,,,33016.04,,,,,,,,,,22743.18,,,,,,,,20255.32,,,,,,,,,,,,,,,54450,,,,,,,,,,24000,,,,,,43800,,,,,,,,889790.64,23901.6,,,,,,,25770.43,,,,,,,,,,21123.4,,,13750,,,,,,,17350.64,,37125,,,,,17246.81,,,,,,,,,,,,,,,,23099.57,,,,1702.13,,,,
2043/04,,,,,,,23665.53,,,,32200,,,,,,,,,,,,,29004.89,,,,,,,,927414.36,,,,,,,,,,,21759.15,,,,,,,,,,,,,,,,23245.96,,,2993.62,,,,19818.22,,,,,,,,,,7500,,,,,,,,,,,,,,,,,,,,,,,,,,,,,,,,,,,,,,,,,,,
2043/05,,16442.55,,,10230,,,,,,,,,,,,,,,,,,,,,,22787.23,,,,,,,,,,,,,19929.79,,,,,,,,,,,,,44505,194427.01,,,,,,,,,,,,,,,,,,,,,,,,,,,,,10834.47,14790,,,,,,,,,18195.74,8000,,,,20894.04,,,,,,,,,,,21319.15,,,33191.49,,,,,,,
2043/06,,,,,,1723.4,,,,,,,,232297.82,32565,8855,,,,,,,,,,,,,,,,,,,,,,,,,,,,,22687.5,,,,,,,,,,,,,,,,,,,,,,,,,,,,,85650,,,,,28985,,,,,,,,,,,,,,,,,,,,,,,,,,,,,21036.43,,22308.51,,,,,,,21042.77,,
2043/07,,,,,,,,,,,,,,,,,,,,,,,,,21591.06,,,,,,,,,,,,,,,,,,,,,,,,,,,,,,,,,,,,,,,,,,,,,,,,,,,,,,,,,,,,,,,,,,,,,,,,,,,,,,,,,,,,,,,,,,,,,25445.11,
2043/08,,,,,,,,22978.72,,,,,,,,,,,,,,60000,,,,,,,,,,,,,,,,,,,,,,,,,,,,,,,,,,60660,0,,,,,,,,,,,,,20523.19,,,,,,,,,,,,,,,,,,,,,29900,,,,,,,,,,,,,,,,,,,,,,,,,18536.17,,,
2043/09,,,33016.04,,,,,,,,,,22743.18,,,,,,,,20255.32,,,,,,,,,,43542,,,,,,,28811.25,,,,,,,,,,,,,,,,,,,,,,,23901.6,,,,,,,25770.43,,,,,,,,,,21123.4,,,,22000,,,,,,17350.64,,,,,,,17246.81,,,,,,,,,,,,,,,,23099.57,,,,1702.13,,,,
2043/10,,,,,,,23665.53,,,,,,,,,,,,,,,,,29004.89,,,,,,,,,,,,,,,,,,,21759.15,,,,,,20010,,,,,,,,,,23245.96,,,2993.62,,,9310,19818.22,,,38057.5,,,,,,,,,,,,,,,,,,,,,,,,,,,,,,,,,,,,44680,11250,,,,,,,,,,,,,
2043/11,,16442.55,,,,,,,,,,143385,,,,,,,,,,,,,,,22787.23,,,,,,,,,,,,,19929.79,,,,,,,,27600,,,,,,,,,,,,,,,,,,,,,,,,,,,,,,,,,,,10834.47,,,,,,,,,,18195.74,,,,,20894.04,,,,,,,,,,,21319.15,,,33191.49,,,,,,,
2043/12,,,,,,1723.4,,,,,,,,,,,,,,,,,,,,,,15293.75,,42560,,,,,,,10000,,,,,,,,,,,,,16187.5,,,,,,,,,,,,,,,,,,,,,,,,,,,,,,,,,,,,,,,,,,,,,,11250,,,,,,,,,,,,21036.43,,22308.51,,,,,,,21042.77,,
2044/01,,,,,,,,,,,,,,,,,,,,,,,,,21591.06,,,,,,,,,,,,,,,,,,,,,,200,,,,,,,,,,,,,,,,,10482.5,,,,,,,,,,,,,7595,,,5100,,,,,,,,,,,,,,,,,19000,,,,,,,,,,,,,,,,,,,,,25445.11,
2044/02,,,,,,,,22978.72,,,,,,,,,,,,,,,,,,,,,,,,,,,,,,,,,,,,,,24000,,,,,,,,,,,,,,,,,,,,,,,,20523.19,,,,,,,,,,,,,,,,,,,,,29900,,,,,,,,,,,,,,,,,,,,,,,,,18536.17,,,
2044/03,,,33016.04,,,,,,,,,,22743.18,,,,,,,,20255.32,,,,,,,,,,,,,,,1374450,,,,,,,,,,,,,,,,43800,,,,,,,,,23901.6,,,,,,,25770.43,,,,,,,,,,21123.4,,,1113750,,,,,,,17350.64,,37125,,,,,17246.81,,,,,,,,,,,,,,,,23099.57,,,,1702.13,,,,
2044/04,,,,,,,23665.53,,,,32200,,,,,,,,,,,,,29004.89,,,,,,,,,,,,,,,,,,,21759.15,,,,,,,,,,,,,,,,23245.96,,,2993.62,,,,19818.22,,,,,,,,,,7500,,,,,,,,,,,,,,,,,,,,,,,,,,,,,,,,,,,,,,,,,,,
2044/05,,16442.55,,,10230,,,,,,,,,,,,,,,,,,,,,,22787.23,,,,,,,,,,,,,19929.79,,,,,22687.5,,,,,,,,44505,194427.01,,,,,,,,,,,,,,,,,,,,85650,,,,,,,,,10834.47,14790,,,,,,,,,18195.74,8000,,,,20894.04,,,,,,,,,,,21319.15,,,33191.49,,,,,,,
2044/06,,,,,,1723.4,,,,,,,,232297.82,32565,8855,,,,,,,,,,,,,,,,,,,,,,,,,,,,,,,,,,,,,,,,,,,,,,,,,,,,,,,,,,,,,,,28985,,,,,,,,,,,,,,,,,,,,,,,,,,,,,21036.43,,22308.51,,,,,,,21042.77,,
2044/07,,,,,,,,,,,,,,,,,,,,,,,,,21591.06,,,,,,,,,,,,,,,,,,,,,,,,,,,,,,,,,,,,,,,,,,,,,,,,,,,,,,,,,,,,,,,,,,,,,,,,,,,,,,,,,,,,,,,,,,,,,25445.11,
2044/08,,,,,,,,22978.72,,,,,,,,,,,,,,60000,,,,,,,,,,,,,,,,,,,,,,,,,,,,,,,,,,60660,0,,,,,,,,,,,,,20523.19,,,,,,,,,,,,,,,,,,,,,29900,,,,,,,,,,,,,,,,,,,,,,,,,18536.17,,,
2044/09,,,33016.04,,,,,,,,,,22743.18,,,,,,,,20255.32,,,,,,,,,,43542,,,,,,,28834.76,,,,,,,,,,,,,,,,,,,,,,,23901.6,,,,,,,25770.43,,,,,,,,,,21123.4,,,,22000,,,,,,17350.64,,,,,,,17246.81,,,,,,,,,,,,,,,,23099.57,,,,1702.13,,,,
2044/10,,,,,,,23665.53,,,,,,,,,,,,,,,,,29004.89,,,,,,,,,,,,,,,,,,,21759.15,,,,,,20010,,,,,,,,,,23245.96,,,2993.62,,,9310,19818.22,,,38057.5,,,,,,,,,,,,,,,,,,,,,,,,,,,,,,,,,,,,44705.08,11250,,,,,,,,,,,,,
2044/11,,16442.55,,,,,,,,,,143385,,,,,,,,,,,,,,,22787.23,,,,,,,,,,,,,19929.79,,,,,,,,27600,,,,,,,,,,,,,,,,,,,,,,,,,,,,,,,,,,,10834.47,355455.78,,,,,,,,,18195.74,,,,,20894.04,,,,,,,,,,,21319.15,,,33191.49,,,,,,,
2044/12,,,,,,1723.4,,,,,,,,,,,,,,,,,,,,,,15296.5,,42560,,,,,,,10000,,,,,,,,,,,,,16187.5,,,,,,,,,,,,,,,,,,,,,,,,,,,,,,,,,,,,,,,,,,,,,,11250,,,,,,,,,,,,21036.43,,22308.51,,,,,,,21042.77,,
2045/01,,,,,,,,,,,,,,,,,,,,,,,,,21591.06,,,,,,,,,,,,,,,,,,,,,,200,,,,,,,,,,,,,,,,,10482.5,,,,,,,,,,,,,224595,,,5100,,,,,,,,,,,,,,,,,19000,,,,,,,,,,,,,,,,,,,,,25445.11,
2045/02,,,,,,,,22978.72,,,,,,,,,,,,,,,,,,,,,,,,,,,,,,,,,,,,,,24000,,,,,,,,,,,,,,,,,,,,,,,,20523.19,,,,,,,,,,,,,,,,,,,,,29900,,,,,,,,,,,,,,,,,,,,,,,,,18536.17,,,
2045/03,,,33016.04,,,,,,,,,,22743.18,,,,,,,,20255.32,,,,,,,,,,,,,,,,,,,,,,,,,,,,,,,43800,,,,,,,,,23901.6,,,,,,,25770.43,,,,,,,,,,21123.4,,,,,,,,,,17350.64,,37125,,,,,17246.81,,,,,,,,,,,,,,,,23099.57,,,,1702.13,,,,
2045/04,,,,,,,23665.53,,,,32200,,,,,,,,,,,,,29004.89,,,,,,,,,,,,,,,,,,,21759.15,,,,,,,,,,,,,,,,23245.96,,,2993.62,,,,19818.22,,,,,,,,,,7500,,,,,,,,,,,,,,,,,,,,,,,,,,,,,,,,,,,,,,,,,,,
2045/05,,16442.55,,,258230,,,,,,,,,,,,,,,,,,,,,,22787.23,,,,,,,,,,,,,19929.79,,,,,22687.5,,,,,,,,44505,194427.01,,,,,,,,,,,,,,,,,,,,85650,,,,,,,,,10834.47,,,,,,,,,,18195.74,208000,,,,20894.04,,,,,,,,,,,21319.15,,,33191.49,,,,,,,
2045/06,,,,,,1723.4,,,,,,,,232297.82,32565,8855,,,,,,,,,,,,,,,,,,,,,,,,,,,,,,,,,,,,,,,,,,,,,,,,,,,,,,,,,,,,,,,28985,,,,,,,,,,,,,,,,,,,,,,,,,,,,,21036.43,,22308.51,,,,,,,21042.77,,
2045/07,,,,,,,,,,,,,,,,,,,,,,,,,21591.06,,,,,,,,,,,,,,,,,,,,,,,,,,,,,,,,,,,,,,,,,,,,,,,,,,,,,,,,,,,,,,,,,,,,,,,,,,,,,,,,,,,,,,,,,,,,,25445.11,
2045/08,,,,,,,,22978.72,,,,,,,,,,,,,,60000,,,,,,,,,,,,,,,,,,,,,,,,,,,,,,,,,,60660,0,,,,,,,,,,,,,20523.19,,,,,,,,,,,,,,,,,,,,,29900,,,,,,,,,,,,,,,,,,,,,,,,,18536.17,,,
2045/09,,,33016.04,,,,,,,,,,22743.18,,,,,,,,20255.32,,,,,,,,,,43542,,,,,,,28787.74,,,,,,,,,,,,,,,,,,,,,,,23901.6,,,,,,,25770.43,,,,,,,,,,21123.4,,,,22000,,,,,,17350.64,,,,,,,17246.81,,,,,,,,,,,,,,,,23099.57,,,,1702.13,,,,
2045/10,,,,,,,23665.53,,,,,,,,,,,,,,,,,29004.89,,,,,,,,,,,,,,,,,,,21759.15,,,,,,20010,,,,,,,,,,23245.96,,,2993.62,,,9310,19818.22,,,38057.5,,,,,,,,,,,,,,,,,,,,,,,,,,,,,,,,,,,,44654.92,11250,,,,,,,,,,,,,
2045/11,,16442.55,,,,,,,,,,143385,,,,,,,,,,,,,,,22787.23,,,,,,,,,,,,,19929.79,,,,,,,,27600,,,,,,,,,,,,,,,,,,,,,,,,,,,,,,,,,,,10834.47,,,,,,,,,,18195.74,,,,,20894.04,,,,,,,,,,,21319.15,,,33191.49,,,,,,,
2045/12,,,,,,1723.4,,,,,,,,,,,,,,,,,,,,,,15291,,42560,,,,,,,10000,,,,,,,,,,,,,16187.5,,,,,,,,,,,,,,,,,,,,,,,,,,,,,,,,,,,,,,,,,,,,,,11250,,,,,,,,,,,,21036.43,,22308.51,,,,,,,21042.77,,
2046/01,,,,,,,,,,,,,,,,,,,,,,,,,21591.06,,,,,,,,,,,,,,,,,,,,,,200,,,,,,,,,,,,,,,,,10482.5,,,,,,,,,,,,,,,,5100,,,,,,,,,,,,,,,,,19000,,,,,,,,,,,,,,,,,,,,,25445.11,
2046/02,,,,,,,,22978.72,,,,,,,,,,,,,,,,,,,,,,,,,,,,,,,,,,,,,,24000,,,,,,,,,,,,,,,,,,,,,,,,20523.19,,,,,,,,,,,,,,,,,,,,,29900,,,,,,,,,,,,,,,,,,,,,,,,,18536.17,,,
2046/03,,,33016.04,,,,,,,,,,22743.18,,,,,,,,20255.32,,,,,,,,,,,,,,,,,,,,,,,,,,,,,,,43800,,,,,,,,,23901.6,,,,,,,25770.43,,,,,,,,,,21123.4,,,,,,,,,,17350.64,,37125,,,,,17246.81,,,,,,,,,,,,,,,,23099.57,,,,1702.13,,,,
2046/04,,,,,,,23665.53,,,,32200,,,,,,,,,,,,,29004.89,,,,,,,,,,,,,,,,,,,21759.15,,,,,,,,,,,,,,,,23245.96,,,2993.62,,,,19818.22,,,,,,,,,,7500,,,,,,,,,,,,,,,,,,,,,,,,,,,,,,,,,,,,,,,,,,,
2046/05,,16442.55,,,,,,,,,,,,,,,,,,,,,,,,,22787.23,,,,,,,,,,,,,19929.79,,,,,22687.5,,,,,,,,44505,194427.01,,,,,,,,,,,,,,,,,,,,85650,,,,,,,,,10834.47,,,,,,,,,,927982.98,,,,,20894.04,,,,,,,,,,,1158340.43,,,33191.49,,,,,,,
2046/06,,,,,,1723.4,,,,,,,,232297.82,32565,8855,,,,,,,,,,,,,,,,,,,,,,,,,,,,,,,,,,,,,,,,,,,,,,,,,,,,,,,,,,,,,,,28985,,,,,,,,,,,,,,,,,,,,,,,,,,,,,21036.43,,22308.51,,,,,,,21042.77,,
2046/07,,,,,,,,,,,,,,,,,,,,,,,,,21591.06,,,,,,,,,,,,,,,,,,,,,,,,,,,,,,,,,,,,,,,,,,,,,,,,,,,,,,,,,,,,,,,,,,,,,,,,,,,,,,,,,,,,,,,,,,,,,25445.11,
2046/08,,,,,,,,22978.72,,,,,,,,,,,,,,60000,,,,,,,,,,,,,,,,,,,,,,,,,,,,,,,,,,60660,0,,,,,,,,,,,,,20523.19,,,,,,,,,,,,,,,,,,,,,29900,,,,,,,,,,,,,,,,,,,,,,,,,18536.17,,,
2046/09,,,33016.04,,,,,,,,,,22743.18,,,,,,,,20255.32,,,,,,,,,,43542,,,,,,,28811.25,,,,,,,,,,,,,,,,,,,,,,,23901.6,,,,,,,25770.43,,,,,,,,,,21123.4,,,,22000,,,,,,17350.64,,,,,,,17246.81,,,,,,,,,,,,,,,,23099.57,,,,1702.13,,,,
2046/10,,,,,,,23665.53,,,,,,,,,,,,,,,,,29004.89,,,,,,,,,,,,,,,,,,,21759.15,,,,,,20010,,,,,,,,,,23245.96,,,2993.62,,,1339310,19818.22,,,38057.5,,,,,,,,,,,,,,,,,,,,,,,,,,,,,,,,,,,,44680,11250,,,,,,,,,,,,,
2046/11,,16442.55,,,,,,,,,,143385,,,,,,,,,,,,,,,22787.23,,,,,,,,,,,,,19929.79,,,,,,,,27600,,,,,,,,,,,,,,,,,,,,,,,,,,,,,,,,,,,10834.47,,,,,,,,,,,,,,,20894.04,,,,,,,,,,,,,,33191.49,,,,,,,
2046/12,,,,,,1723.4,,,,,,,,,,,,,,,,,,,,,,15293.75,,42560,,,,,,,10000,,,,,,,,,,,,,16187.5,,,,,,,,,,,,,,,,,,,,,,,,,,,,,,,,,,,,,,,,,,,,,,11250,,,,,,,,,,,,21036.43,,22308.51,,,,,,,21042.77,,
2047/01,,,,,,,,,,,,,,,,,,,,,,,,,21591.06,,,,,,,,,,,,,,,,,,,,,,200,,,,,,,,,,,,,,,,,10482.5,,,,,,,,,,,,,,,,5100,,,,,,,,,,,,,,,,,19000,,,,,,,,,,,,,,,,,,,,,25445.11,
2047/02,,,,,,,,22978.72,,,,,,,,,,,,,,,,,,,,,,,,,,,,,,,,,,,,,,24000,,,,,,,,,,,,,,,,,,,,,,,,20523.19,,,,,,,,,,,,,,,,,,,,,29900,,,,,,,,,,,,,,,,,,,,,,,,,18536.17,,,
2047/03,,,33016.04,,,,,,,,,,22743.18,,,,,,,,20255.32,,,,,,,,,,,,,,,,,,,,,,,,,,,,,,,43800,,,,,,,,,23901.6,,,,,,,25770.43,,,,,,,,,,21123.4,,,,,,,,,,17350.64,,37125,,,,,838523.4,,,,,,,,,,,,,,,,23099.57,,,,1702.13,,,,
2047/04,,,,,,,23665.53,,,,32200,,,,,,,,,,,,,29004.89,,,,,,,,,,,,,,,,,,,21759.15,,,,,,,,,,,,,,,,23245.96,,,2993.62,,,,19818.22,,,,,,,,,,7500,,,,,,,,,,,,,,,,,,,,,,,,,,,,,,,,,,,,,,,,,,,
2047/05,,16442.55,,,,,,,,,,,,,,,,,,,,,,,,,22787.23,,,,,,,,,,,,,859078.72,,,,,1672687.5,,,,,,,,44505,194427.01,,,,,,,,,,,,,,,,,,,,85650,,,,,,,,,10834.47,,,,,,,,,,,,,,,20894.04,,,,,,,,,,,,,,33191.49,,,,,,,
2047/06,,,,,,1723.4,,,,,,,,232297.82,32565,8855,,,,,,,,,,,,,,,,,,,,,,,,,,,,,,,,,,,,,,,,,,,,,,,,,,,,,,,,,,,,,,,28985,,,,,,,,,,,,,,,,,,,,,,,,,,,,,,,22308.51,,,,,,,,,
2047/07,,,,,,,,,,,,,,,,,,,,,,,,,1128825.11,,,,,,,,,,,,,,,,,,,,,,,,,,,,,,,,,,,,,,,,,,,,,,,,,,,,,,,,,,,,,,,,,,,,,,,,,,,,,,,,,,,21036.43,,,,,,,,,21042.77,25445.11,
2047/08,,,,,,,,22978.72,,,,,,,,,,,,,,60000,,,,,,,,,,,,,,,,,,,,,,,,,,,,,,,,,,60660,0,,,,,,,,,,,,,20523.19,,,,,,,,,,,,,,,,,,,,,29900,,,,,,,,,,,,,,,,,,,,,,,,,18536.17,,,
2047/09,,,33016.04,,,,,,,,,,22743.18,,,,,,,,20255.32,,,,,,,,,,43542,,,,,,,28811.25,,,,,,,,,,,,,,,,,,,,,,,23901.6,,,,,,,25770.43,,,,,,,,,,21123.4,,,,22000,,,,,,17350.64,,,,,,,,,,,,,,,,,,,,,,,23099.57,,,,1702.13,,,,
2047/10,,,,,,,23665.53,,,,,,,,,,,,,,,,,29004.89,,,,,,,,,,,,,,,,,,,21759.15,,,,,,20010,,,,,,,,,,23245.96,,,2993.62,,,,19818.22,,,38057.5,,,,,,,,,,,,,,,,,,,,,,,,,,,,,,,,,,,,44680,11250,,,,,,,,,,,,,
2047/11,,16442.55,,,,,,,,,,143385,,,,,,,,,,,,,,,22787.23,,,,,,,,,,,,,,,,,,,,,1867600,,,,,,,,,,,,,,,,,,,,,,,,,,,,,,,,,,,10834.47,,,,,,,,,,,,,,,1092383.4,,,,,,,,,,,,,,33191.49,,,,,,,
2047/12,,,,,,1723.4,,,,,,,,,,,,,,,,,,,,,,15293.75,,42560,,,,,,,10000,,,,,,,,,,,,,16187.5,,,,,,,,,,,,,,,,,,,,,,,,,,,,,,,,,,,,,,,,,,,,,,511250,,,,,,,,,,,,21036.43,,22308.51,,,,,,,21042.77,,
2048/01,,,,,,,,,,,,,,,,,,,,,,,,,,,,,,,,,,,,,,,,,,,,,,,200,,,,,,,,,,,,,,,,,10482.5,,,,,,,,,,,,,,,,5100,,,,,,,,,,,,,,,,,19000,,,,,,,,,,,,,,,,,,,,,25445.11,
2048/02,,,,,,,,22978.72,,,,,,,,,,,,,,,,,,,,,,,,,,,,,,,,,,,,,,,,,,,,,,,,,,,,,,,,,,,,,,20523.19,,,,,,,,,,,,,,,,,,,,,29900,,,,,,,,,,,,,,,,,,,,,,,,,18536.17,,,
2048/03,,,33016.04,,,,,,,,,,22743.18,,,,,,,,20255.32,,,,,,,,,,,,,,,,,,,,,,,,,24000,,,,,,43800,,,,,,,,,23901.6,,,,,,,25770.43,,,,,,,,,,21123.4,,,,,,,,,,17350.64,,37125,,,,,,,,,,,,,,,,,,,,,23099.57,,,,1702.13,,,,
2048/04,,,,,,,1052601.7,,,,32200,,,,,,,,,,,,,29004.89,,,,,,,,,,,,,,,,,,,21759.15,,,,,,,,,,,,,,,,23245.96,,,2993.62,,,,19818.22,,,,,,,,,,7500,,,,,,,,,,,,,,,,,,,,,,,,,,,,,,,,,,,,,,,,,,,
2048/05,,16442.55,,,,,,,,,,,,,,,,,,,,,,,,,22787.23,,,,,,,,,,,,,,,,,,,,,,,,,,44505,194427.01,,,,,,,,,,,,,,,,,,,,,,,,,,,,,10834.47,,,,,,,,,,,,,,,,,,,,,,,,,,,,,33191.49,,,,,,,
2048/06,,,,,,1723.4,,,,,,,,232297.82,32565,8855,,,,,,,,,,,,,,,,,,,,,,,,,,,,,,,,,,,,,,,,,,,,,,,,,,,,,,,,,,85650,,,,,1898985,,,,,,,,,,,,,,,,,,,,,,,,,,,,,21036.43,,1013797.87,,,,,,,1060191.7,,
2048/07,,,,,,,,,,,,,,,,,,,,,,,,,,,,,,,,,,,,,,,,,,,,,,,,,,,,,,,,,,,,,,,,,,,,,,,,,,,,,,,,,,,,,,,,,,,,,,,,,,,,,,,,,,,,,,,,,,,,,,25445.11,
2048/08,,,,,,,,22978.72,,,,,,,,,,,,,,60000,,,,,,,,,,,,,,,,,,,,,,,,,,,,,,,,,,60660,0,,,,,,,,,,,,,20523.19,,,,,,,,,,,,,,,,,,,,,29900,,,,,,,,,,,,,,,,,,,,,,,,,18536.17,,,
2048/09,,,33016.04,,,,,,,,,,22743.18,,,,,,,,20255.32,,,,,,,,,,43542,,,,,,,28834.76,,,,,,,,,,,,,,,,,,,,,,,23901.6,,,,,,,25770.43,,,,,,,,,,1077293.62,,,,22000,,,,,,17350.64,,,,,,,,,,,,,,,,,,,,,,,23099.57,,,,1702.13,,,,
2048/10,,,,,,,,,,,,,,,,,,,,,,,,29004.89,,,,,,,,,,,,,,,,,,,21759.15,,,,,,1354010,,,,,,,,,,23245.96,,,2993.62,,,,19818.22,,,38057.5,,,,,,,,,,,,,,,,,,,,,,,,,,,,,,,,,,,,44705.08,11250,,,,,,,,,,,,,
2048/11,,16442.55,,,,,,,,,,143385,,,,,,,,,,,,,,,22787.23,,,,,,,,,,,,,,,,,,,,,,,,,,,,,,,,,,,,,,,,,,,,,,,,,,,,,,,,10834.47,,,,,,,,,,,,,,,,,,,,,,,,,,,,,33191.49,,,,,,,
2048/12,,,,,,1723.4,,,,,,,,,,,,,,,,,,,,,,15296.5,,42560,,,,,,,10000,,,,,,,,,,,,,16187.5,,,,,,,,,,,,,,,,,,,,,,,,,,,,,,,,,,,,,,,,,,,,,,,,,,,,,,,,,,21036.43,,,,,,,,,,,
2049/01,,,,,,,,,,,,,,,,,,,,,,,,,,,,,,,,,,,,,,,,,,,,,,,200,,,,,,,,,,,,,,,,,10482.5,,,,,,,,,,,,,,,,5100,,,,,,,,,,,,,,,,,19000,,,,,,,,,,,,,,,,,,,,,25445.11,
2049/02,,,,,,,,22978.72,,,,,,,,,,,,,,,,,,,,,,,,,,,,,,,,,,,,,,,,,,,,,,,,,,,,,,,,,,,,,,20523.19,,,,,,,,,,,,,,,,,,,,,29900,,,,,,,,,,,,,,,,,,,,,,,,,18536.17,,,
2049/03,,,33016.04,,,,,,,,,,22743.18,,,,,,,,20255.32,,,,,,,,,,,,,,,,,,,,,,,,,24000,,,,,,43800,,,,,,,,,23901.6,,,,,,,25770.43,,,,,,,,,,,,,,,,,,,,17350.64,,37125,,,,,,,,,,,,,,,,,,,,,23099.57,,,,1702.13,,,,
2049/04,,,,,,,,,,,32200,,,,,,,,,,,,,29004.89,,,,,,,,,,,,,,,,,,,21759.15,,,,,,,,,,,,,,,,23245.96,,,2993.62,,,,19818.22,,,,,,,,,,7500,,,,,,,,,,,,,,,,,,,,,,,,,,,,,,,,,,,,,,,,,,,
2049/05,,16442.55,,,,,,,,,,,,,,,,,,,,,,,,,22787.23,,,,,,,,,,,,,,,,,,,,,,,,,,44505,194427.01,,,,,,,,,,,,,,,,,,,,85650,,,,,,,,,10834.47,,,,,,,,,,,,,,,,,,,,,,,,,,,,,33191.49,,,,,,,
2049/06,,,,,,1723.4,,,,,,,,232297.82,32565,1108855,,,,,,,,,,,,,,,,,,,,,,,,,,,,,,,,,,,,,,,,,,,,,,,,,,,,,,,,,,,,,,,,,,,,,,,,,,,,,,,,,,,,,,,,,,,,21036.43,,,,,,,,,,,
2049/07,,,,,,,,,,,,,,,,,,,,,,,,,,,,,,,,,,,,,,,,,,,,,,,,,,,,,,,,,,,,,,,,,,,,,,,,,,,,,,,,,,,,,,,,,,,,,,,,,,,,,,,,,,,,,,,,,,,,,,25445.11,
2049/08,,,,,,,,22978.72,,,,,,,,,,,,,,60000,,,,,,,,,,,,,,,,,,,,,,,,,,,,,,,,,,60660,0,,,,,,,,,,,,,20523.19,,,,,,,,,,,,,,,,,,,,,29900,,,,,,,,,,,,,,,,,,,,,,,,,18536.17,,,
2049/09,,,33016.04,,,,,,,,,,22743.18,,,,,,,,20255.32,,,,,,,,,,2462542,,,,,,,28787.74,,,,,,,,,,,,,,,,,,,,,,,23901.6,,,,,,,25770.43,,,,,,,,,,,,,,1622000,,,,,,17350.64,,,,,,,,,,,,,,,,,,,,,,,23099.57,,,,1702.13,,,,
2049/10,,,,,,,,,,,,,,,,,,,,,,,,29004.89,,,,,,,,,,,,,,,,,,,21759.15,,,,,,,,,,,,,,,,23245.96,,,2993.62,,,,19818.22,,,38057.5,,,,,,,,,,,,,,,,,,,,,,,,,,,,,,,,,,,,44654.92,611250,,,,,,,,,,,,,
2049/11,,16442.55,,,,,,,,,,143385,,,,,,,,,,,,,,,22787.23,,,,,,,,,,,,,,,,,,,,,,,,,,,,,,,,,,,,,,,,,,,,,,,,,,,,,,,,10834.47,,,,,,,,,,,,,,,,,,,,,,,,,,,,,33191.49,,,,,,,
2049/12,,,,,,1723.4,,,,,,,,,,,,,,,,,,,,,,15291,,2474560,,,,,,,510000,,,,,,,,,,,,,16187.5,,,,,,,,,,,,,,,,,,,,,,,,,,,,,,,,,,,,,,,,,,,,,,,,,,,,,,,,,,21036.43,,,,,,,,,,,
2050/01,,,,,,,,,,,,,,,,,,,,,,,,,,,,,,,,,,,,,,,,,,,,,,,200,,,,,,,,,,,,,,,,,4203482.5,,,,,,,,,,,,,,,,5100,,,,,,,,,,,,,,,,,19000,,,,,,,,,,,,,,,,,,,,,25445.11,
2050/02,,,,,,,,22978.72,,,,,,,,,,,,,,,,,,,,,,,,,,,,,,,,,,,,,,24000,,,,,,,,,,,,,,,,,,,,,,,,20523.19,,,,,,,,,,,,,,,,,,,,,29900,,,,,,,,,,,,,,,,,,,,,,,,,18536.17,,,
2050/03,,,33016.04,,,,,,,,,,1136785.73,,,,,,,,1211744.68,,,,,,,,,,,,,,,,,,,,,,,,,,,,,,,43800,,,,,,,,,23901.6,,,,,,,1364493.83,,,,,,,,,,,,,,,,,,,,17350.64,,37125,,,,,,,,,,,,,,,,,,,,,23099.57,,,,86808.51,,,,
2050/04,,,,,,,,,,,32200,,,,,,,,,,,,,29004.89,,,,,,,,,,,,,,,,,,,1197929.36,,,,,,,,,,,,,,,,23245.96,,,181717.02,,,,1294711.84,,,,,,,,,,7500,,,,,,,,,,,,,,,,,,,,,,,,,,,,,,,,,,,,,,,,,,,
2050/05,,969634.04,,,,,,,,,,,,,,,,,,,,,,,,,22787.23,,,,,,,,,,,,,,,,,,,,,,,,,,44505,194427.01,,,,,,,,,,,,,,,,,,,,85650,,,,,,,,,813387.66,,,,,,,,,,,,,,,,,,,,,,,,,,,,,33191.49,,,,,,,
2050/06,,,,,,78319.15,,,,,,,,232297.82,32565,,,,,,,,,,,,,,,,,,,,,,,,,,,,,,,,,,,,,,,,,,,,,,,,,,,,,,,,,,,,,,,,,,,,,,,,,,,,,,,,,,,,,,,,,,,,,21036.43,,,,,,,,,,,
2050/07,,,,,,,,,,,,,,,,,,,,,,,,,,,,,,,,,,,,,,,,,,,,,,,,,,,,,,,,,,,,,,,,,,,,,,,,,,,,,,,,,,,,,,,,,,,,,,,,,,,,,,,,,,,,,,,,,,,,,,25445.11,
2050/08,,,,,,,,22978.72,,,,,,,,,,,,,,60000,,,,,,,,,,,,,,,,,,,,,,,,,,,,,,,,,,60660,8334918.62,,,,,,,,,,,,,20523.19,,,,,,,,,,,,,,,,,,,,,29900,,,,,,,,,,,,,,,,,,,,,,,,,1872153.19,,,
2050/09,,,33016.04,,,,,,,,,,,,,,,,,,,,,,,,,,,,,,,,,,,28811.25,,,,,,,,,,,,,,,,,,,,,,,23901.6,,,,,,,,,,,,,,,,,,,,,,,,,,,17350.64,,,,,,,,,,,,,,,,,,,,,,,23099.57,,,,,,,,
2050/10,,,,,,,,,,,,,,,,,,,,,,,,29004.89,,,,,,,,,,,,,,,,,,,,,,,,,,,,,,,,,,,1683671.49,,,,,,,,,,2380057.5,,,,,,,,,,,,,,,,,,,,,,,,,,,,,,,,,,,,44680,,,,,,,,,,,,,,
2050/11,,,,,,,,,,,,143385,,,,,,,,,,,,,,,22787.23,,,,,,,,,,,,,,,,,,,,,,,,,,,,,,,,,,,,,,,,,,,,,,,,,,,,,,,,,,,,,,,,,,,,,,,,,,,,,,,,,,,,,33191.49,,,,,,,
2050/12,,,,,,,,,,,,,,,,,,,,,,,,,,,,2462293.75,,,,,,,,,,,,,,,,,,,,,,16187.5,,,,,,,,,,,,,,,,,,,,,,,,,,,,,,,,,,,,,,,,,,,,,,,,,,,,,,,,,,21036.43,,,,,,,,,,,
2051/01,,,,,,,,,,,,,,,,,,,,,,,,,,,,,,,,,,,,,,,,,,,,,,,400200,,,,,,,,,,,,,,,,,,,,,,,,,,,,,,,,,2555100,,,,,,,,,,,,,,,,,19000,,,,,,,,,,,,,,,,,,,,,1439062.13,
2051/02,,,,,,,,22978.72,,,,,,,,,,,,,,,,,,,,,,,,,,,,,,,,,,,,,,24000,,,,,,,,,,,,,,,,,,,,,,,,20523.19,,,,,,,,,,,,,,,,,,,,,29900,,,,,,,,,,,,,,,,,,,,,,,,,,,,
2051/03,,,33016.04,,,,,,,,,,,,,,,,,,,,,,,,,,,,,,,,,,,,,,,,,,,,,,,,,43800,,,,,,,,,2036667.55,,,,,,,,,,,,,,,,,,,,,,,,,,,955222.98,,37125,,,,,,,,,,,,,,,,,,,,,23099.57,,,,,,,,
2051/04,,,,,,,,,,,32200,,,,,,,,,,,,,29004.89,,,,,,,,,,,,,,,,,,,,,,,,,,,,,,,,,,,,,,,,,,,,,,,,,,,,1507500,,,,,,,,,,,,,,,,,,,,,,,,,,,,,,,,,,,,,,,,,,,
2051/05,,,,,,,,,,,,,,,,,,,,,,,,,,,22787.23,,,,,,,,,,,,,,,,,,,,,,,,,,44505,194427.01,,,,,,,,,,,,,,,,,,,,85650,,,,,,,,,,,,,,,,,,,,,,,,,,,,,,,,,,,,,,33191.49,,,,,,,
2051/06,,,,,,,,,,,,,,232297.82,32565,,,,,,,,,,,,,,,,,,,,,,,,,,,,,,,,,,,,,,,,,,,,,,,,,,,,,,,,,,,,,,,,,,,,,,,,,,,,,,,,,,,,,,,,,,,,,21036.43,,,,,,,,,,,
2051/07,,,,,,,,,,,,,,,,,,,,,,,,,,,,,,,,,,,,,,,,,,,,,,,,,,,,,,,,,,,,,,,,,,,,,,,,,,,,,,,,,,,,,,,,,,,,,,,,,,,,,,,,,,,,,,,,,,,,,,,
2051/08,,,,,,,,1725106.38,,,,,,,,,,,,,,60000,,,,,,,,,,,,,,,,,,,,,,,,,,,,,,,,,,60660,,,,,,,,,,,,,,20523.19,,,,,,,,,,,,,,,,,,,,,29900,,,,,,,,,,,,,,,,,,,,,,,,,,,,
2051/09,,,33016.04,,,,,,,,,,,,,,,,,,,,,,,,,,,,,,,,,,,2589811.25,,,,,,,,,,,,,,,,,,,,,,,,,,,,,,,,,,,,,,,,,,,,,,,,,,,,,,,,,,,,,,,,,,,,,,,,,23099.57,,,,,,,,
2051/10,,,,,,,,,,,,,,,,,,,,,,,,29004.89,,,,,,,,,,,,,,,,,,,,,,,,,,,,,,,,,,,,,,,,,,,,,,,,,,,,,,,,,,,,,,,,,,,,,,,,,,,,,,,,,2278680,,,,,,,,,,,,,,
2051/11,,,,,,,,,,,,143385,,,,,,,,,,,,,,,22787.23,,,,,,,,,,,,,,,,,,,,,,,,,,,,,,,,,,,,,,,,,,,,,,,,,,,,,,,,,,,,,,,,,,,,,,,,,,,,,,,,,,,,,33191.49,,,,,,,
2051/12,,,,,,,,,,,,,,,,,,,,,,,,,,,,,,,,,,,,,,,,,,,,,,,,,,16187.5,,,,,,,,,,,,,,,,,,,,,,,,,,,,,,,,,,,,,,,,,,,,,,,,,,,,,,,,,,21036.43,,,,,,,,,,,
2052/01,,,,,,,,,,,,,,,,,,,,,,,,,,,,,,,,,,,,,,,,,,,,,,,,,,,,,,,,,,,,,,,,,,,,,,,,,,,,,,,,,,,,,,,,,,,,,,,,,19000,,,,,,,,,,,,,,,,,,,,,,
2052/02,,,,,,,,,,,,,,,,,,,,,,,,,,,,,,,,,,,,,,,,,,,,,,24000,,,,,,,,,,,,,,,,,,,,,,,,20523.19,,,,,,,,,,,,,,,,,,,,,29900,,,,,,,,,,,,,,,,,,,,,,,,,,,,
2052/03,,,33016.04,,,,,,,,,,,,,,,,,,,,,,,,,,,,,,,,,,,,,,,,,,,,,,,,,43800,,,,,,,,,,,,,,,,,,,,,,,,,,,,,,,,,,,,,,37125,,,,,,,,,,,,,,,,,,,,,23099.57,,,,,,,,
2052/04,,,,,,,,,,,32200,,,,,,,,,,,,,29004.89,,,,,,,,,,,,,,,,,,,,,,,,,,,,,,,,,,,,,,,,,,,,,,,,,,,,,,,,,,,,,,,,,,,,,,,,,,,,,,,,,,,,,,,,,,,,,,,
2052/05,,,,,,,,,,,,,,,,,,,,,,,,,,,22787.23,,,,,,,,,,,,,,,,,,,,,,,,,,44505,194427.01,,,,,,,,,,,,,,,,,,,,85650,,,,,,,,,,,,,,,,,,,,,,,,,,,,,,,,,,,,,,33191.49,,,,,,,
2052/06,,,,,,,,,,,,,,232297.82,32565,,,,,,,,,,,,,,,,,,,,,,,,,,,,,,,,,,,,,,,,,,,,,,,,,,,,,,,,,,,,,,,,,,,,,,,,,,,,,,,,,,,,,,,,,,,,,,,,,,,,,,,,
2052/07,,,,,,,,,,,,,,,,,,,,,,,,,,,,,,,,,,,,,,,,,,,,,,,,,,,,,,,,,,,,,,,,,,,,,,,,,,,,,,,,,,,,,,,,,,,,,,,,,,,,,,,,,,,,21036.43,,,,,,,,,,,
2052/08,,,,,,,,,,,,,,,,,,,,,,60000,,,,,,,,,,,,,,,,,,,,,,,,,,,,,,,,,,60660,,,,,,,,,,,,,,20523.19,,,,,,,,,,,,,,,,,,,,,29900,,,,,,,,,,,,,,,,,,,,,,,,,,,,
2052/09,,,33016.04,,,,,,,,,,,,,,,,,,,,,,,,,,,,,,,,,,,,,,,,,,,,,,,,,,,,,,,,,,,,,,,,,,,,,,,,,,,,,,,,,,,,,,,,,,,,,,,,,,,,,,,,,,,,23099.57,,,,,,,,
2052/10,,,,,,,,,,,,,,,,,,,,,,,,29004.89,,,,,,,,,,,,,,,,,,,,,,,,,,,,,,,,,,,,,,,,,,,,,,,,,,,,,,,,,,,,,,,,,,,,,,,,,,,,,,,,,,,,,,,,,,,,,,,
2052/11,,,,,,,,,,,,143385,,,,,,,,,,,,,,,22787.23,,,,,,,,,,,,,,,,,,,,,,,,,,,,,,,,,,,,,,,,,,,,,,,,,,,,,,,,,,,,,,,,,,,,,,,,,,,,,,,,,,,,,33191.49,,,,,,,
2052/12,,,,,,,,,,,,,,,,,,,,,,,,,,,,,,,,,,,,,,,,,,,,,,,,,,16187.5,,,,,,,,,,,,,,,,,,,,,,,,,,,,,,,,,,,,,,,,,,,,,,,,,,,,,,,,,,21036.43,,,,,,,,,,,
2053/01,,,,,,,,,,,,,,,,,,,,,,,,,,,,,,,,,,,,,,,,,,,,,,,,,,,,,,,,,,,,,,,,,,,,,,,,,,,,,,,,,,,,,,,,,,,,,,,,,19000,,,,,,,,,,,,,,,,,,,,,,
2053/02,,,,,,,,,,,,,,,,,,,,,,,,,,,,,,,,,,,,,,,,,,,,,,24000,,,,,,,,,,,,,,,,,,,,,,,,20523.19,,,,,,,,,,,,,,,,,,,,,29900,,,,,,,,,,,,,,,,,,,,,,,,,,,,
2053/03,,,33016.04,,,,,,,,,,,,,,,,,,,,,,,,,,,,,,,,,,,,,,,,,,,,,,,,,1503800,,,,,,,,,,,,,,,,,,,,,,,,,,,,,,,,,,,,,,37125,,,,,,,,,,,,,,,,,,,,,23099.57,,,,,,,,
2053/04,,,,,,,,,,,32200,,,,,,,,,,,,,29004.89,,,,,,,,,,,,,,,,,,,,,,,,,,,,,,,,,,,,,,,,,,,,,,,,,,,,,,,,,,,,,,,,,,,,,,,,,,,,,,,,,,,,,,,,,,,,,,,
2053/05,,,,,,,,,,,,,,,,,,,,,,,,,,,22787.23,,,,,,,,,,,,,,,,,,,,,,,,,,44505,194427.01,,,,,,,,,,,,,,,,,,,,85650,,,,,,,,,,,,,,,,,,,,,,,,,,,,,,,,,,,,,,33191.49,,,,,,,
2053/06,,,,,,,,,,,,,,232297.82,32565,,,,,,,,,,,,,,,,,,,,,,,,,,,,,,,,,,,,,,,,,,,,,,,,,,,,,,,,,,,,,,,,,,,,,,,,,,,,,,,,,,,,,,,,,,,,,21036.43,,,,,,,,,,,
2053/07,,,,,,,,,,,,,,,,,,,,,,,,,,,,,,,,,,,,,,,,,,,,,,,,,,,,,,,,,,,,,,,,,,,,,,,,,,,,,,,,,,,,,,,,,,,,,,,,,,,,,,,,,,,,,,,,,,,,,,,
2053/08,,,,,,,,,,,,,,,,,,,,,,1660000,,,,,,,,,,,,,,,,,,,,,,,,,,,,,,,,,,3430660,,,,,,,,,,,,,,20523.19,,,,,,,,,,,,,,,,,,,,,29900,,,,,,,,,,,,,,,,,,,,,,,,,,,,
2053/09,,,2416845.83,,,,,,,,,,,,,,,,,,,,,,,,,,,,,,,,,,,,,,,,,,,,,,,,,,,,,,,,,,,,,,,,,,,,,,,,,,,,,,,,,,,,,,,,,,,,,,,,,,,,,,,,,,,,23099.57,,,,,,,,
2053/10,,,,,,,,,,,,,,,,,,,,,,,,29004.89,,,,,,,,,,,,,,,,,,,,,,,,,,,,,,,,,,,,,,,,,,,,,,,,,,,,,,,,,,,,,,,,,,,,,,,,,,,,,,,,,,,,,,,,,,,,,,,
2053/11,,,,,,,,,,,,143385,,,,,,,,,,,,,,,22787.23,,,,,,,,,,,,,,,,,,,,,,,,,,,,,,,,,,,,,,,,,,,,,,,,,,,,,,,,,,,,,,,,,,,,,,,,,,,,,,,,,,,,,33191.49,,,,,,,
2053/12,,,,,,,,,,,,,,,,,,,,,,,,,,,,,,,,,,,,,,,,,,,,,,,,,,16187.5,,,,,,,,,,,,,,,,,,,,,,,,,,,,,,,,,,,,,,,,,,,,,,,,,,,,,,,,,,21036.43,,,,,,,,,,,
2054/01,,,,,,,,,,,,,,,,,,,,,,,,,,,,,,,,,,,,,,,,,,,,,,,,,,,,,,,,,,,,,,,,,,,,,,,,,,,,,,,,,,,,,,,,,,,,,,,,,19000,,,,,,,,,,,,,,,,,,,,,,
2054/02,,,,,,,,,,,,,,,,,,,,,,,,,,,,,,,,,,,,,,,,,,,,,,,,,,,,,,,,,,,,,,,,,,,,,,20523.19,,,,,,,,,,,,,,,,,,,,,29900,,,,,,,,,,,,,,,,,,,,,,,,,,,,
2054/03,,,,,,,,,,,,,,,,,,,,,,,,,,,,,,,,,,,,,,,,,,,,,,24000,,,,,,,,,,,,,,,,,,,,,,,,,,,,,,,,,,,,,,,,,,,,37125,,,,,,,,,,,,,,,,,,,,,23099.57,,,,,,,,
2054/04,,,,,,,,,,,32200,,,,,,,,,,,,,29004.89,,,,,,,,,,,,,,,,,,,,,,,,,,,,,,,,,,,,,,,,,,,,,,,,,,,,,,,,,,,,,,,,,,,,,,,,,,,,,,,,,,,,,,,,,,,,,,,
2054/05,,,,,,,,,,,,,,,,,,,,,,,,,,,22787.23,,,,,,,,,,,,,,,,,,,,,,,,,,44505,194427.01,,,,,,,,,,,,,,,,,,,,,,,,,,,,,,,,,,,,,,,,,,,,,,,,,,,,,,,,,,33191.49,,,,,,,
2054/06,,,,,,,,,,,,,,232297.82,32565,,,,,,,,,,,,,,,,,,,,,,,,,,,,,,,,,,,,,,,,,,,,,,,,,,,,,,,,,,,2369650,,,,,,,,,,,,,,,,,,,,,,,,,,,,,,,,,,21036.43,,,,,,,,,,,
2054/07,,,,,,,,,,,,,,,,,,,,,,,,,,,,,,,,,,,,,,,,,,,,,,,,,,,,,,,,,,,,,,,,,,,,,,,,,,,,,,,,,,,,,,,,,,,,,,,,,,,,,,,,,,,,,,,,,,,,,,,
2054/08,,,,,,,,,,,,,,,,,,,,,,,,,,,,,,,,,,,,,,,,,,,,,,,,,,,,,,,,,,,,,,,,,,,,,,20523.19,,,,,,,,,,,,,,,,,,,,,29900,,,,,,,,,,,,,,,,,,,,,,,,,,,,
2054/09,,,,,,,,,,,,,,,,,,,,,,,,,,,,,,,,,,,,,,,,,,,,,,,,,,,,,,,,,,,,,,,,,,,,,,,,,,,,,,,,,,,,,,,,,,,,,,,,,,,,,,,,,,,,,,,23099.57,,,,,,,,
2054/10,,,,,,,,,,,,,,,,,,,,,,,,29004.89,,,,,,,,,,,,,,,,,,,,,,,,,,,,,,,,,,,,,,,,,,,,,,,,,,,,,,,,,,,,,,,,,,,,,,,,,,,,,,,,,,,,,,,,,,,,,,,
2054/11,,,,,,,,,,,,143385,,,,,,,,,,,,,,,22787.23,,,,,,,,,,,,,,,,,,,,,,,,,,,,,,,,,,,,,,,,,,,,,,,,,,,,,,,,,,,,,,,,,,,,,,,,,,,,,,,,,,,,,33191.49,,,,,,,
2054/12,,,,,,,,,,,,,,,,,,,,,,,,,,,,,,,,,,,,,,,,,,,,,,,,,,16187.5,,,,,,,,,,,,,,,,,,,,,,,,,,,,,,,,,,,,,,,,,,,,,,,,,,,,,,,,,,21036.43,,,,,,,,,,,
2055/01,,,,,,,,,,,,,,,,,,,,,,,,,,,,,,,,,,,,,,,,,,,,,,,,,,,,,,,,,,,,,,,,,,,,,,,,,,,,,,,,,,,,,,,,,,,,,,,,,19000,,,,,,,,,,,,,,,,,,,,,,
2055/02,,,,,,,,,,,,,,,,,,,,,,,,,,,,,,,,,,,,,,,,,,,,,,,,,,,,,,,,,,,,,,,,,,,,,,20523.19,,,,,,,,,,,,,,,,,,,,,29900,,,,,,,,,,,,,,,,,,,,,,,,,,,,
2055/03,,,,,,,,,,,,,,,,,,,,,,,,,,,,,,,,,,,,,,,,,,,,,,24000,,,,,,,,,,,,,,,,,,,,,,,,,,,,,,,,,,,,,,,,,,,,37125,,,,,,,,,,,,,,,,,,,,,23099.57,,,,,,,,
2055/04,,,,,,,,,,,32200,,,,,,,,,,,,,29004.89,,,,,,,,,,,,,,,,,,,,,,,,,,,,,,,,,,,,,,,,,,,,,,,,,,,,,,,,,,,,,,,,,,,,,,,,,,,,,,,,,,,,,,,,,,,,,,,
2055/05,,,,,,,,,,,,,,,,,,,,,,,,,,,22787.23,,,,,,,,,,,,,,,,,,,,,,,,,,44505,194427.01,,,,,,,,,,,,,,,,,,,,,,,,,,,,,,,,,,,,,,,,,,,,,,,,,,,,,,,,,,33191.49,,,,,,,
2055/06,,,,,,,,,,,,,,232297.82,32565,,,,,,,,,,,,,,,,,,,,,,,,,,,,,,,,,,,,,,,,,,,,,,,,,,,,,,,,,,,,,,,,,,,,,,,,,,,,,,,,,,,,,,,,,,,,,21036.43,,,,,,,,,,,
2055/07,,,,,,,,,,,,,,,,,,,,,,,,,,,,,,,,,,,,,,,,,,,,,,,,,,,,,,,,,,,,,,,,,,,,,,,,,,,,,,,,,,,,,,,,,,,,,,,,,,,,,,,,,,,,,,,,,,,,,,,
2055/08,,,,,,,,,,,,,,,,,,,,,,,,,,,,,,,,,,,,,,,,,,,,,,,,,,,,,,,,,,,,,,,,,,,,,,20523.19,,,,,,,,,,,,,,,,,,,,,29900,,,,,,,,,,,,,,,,,,,,,,,,,,,,
2055/09,,,,,,,,,,,,,,,,,,,,,,,,,,,,,,,,,,,,,,,,,,,,,,,,,,,,,,,,,,,,,,,,,,,,,,,,,,,,,,,,,,,,,,,,,,,,,,,,,,,,,,,,,,,,,,,23099.57,,,,,,,,
2055/10,,,,,,,,,,,,,,,,,,,,,,,,29004.89,,,,,,,,,,,,,,,,,,,,,,,,,,,,,,,,,,,,,,,,,,,,,,,,,,,,,,,,,,,,,,,,,,,,,,,,,,,,,,,,,,,,,,,,,,,,,,,
2055/11,,,,,,,,,,,,143385,,,,,,,,,,,,,,,22787.23,,,,,,,,,,,,,,,,,,,,,,,,,,,,,,,,,,,,,,,,,,,,,,,,,,,,,,,,,,,,,,,,,,,,,,,,,,,,,,,,,,,,,33191.49,,,,,,,
2055/12,,,,,,,,,,,,,,,,,,,,,,,,,,,,,,,,,,,,,,,,,,,,,,,,,,891187.5,,,,,,,,,,,,,,,,,,,,,,,,,,,,,,,,,,,,,,,,,,,,,,,,,,,,,,,,,,21036.43,,,,,,,,,,,
2056/01,,,,,,,,,,,,,,,,,,,,,,,,,,,,,,,,,,,,,,,,,,,,,,,,,,,,,,,,,,,,,,,,,,,,,,,,,,,,,,,,,,,,,,,,,,,,,,,,,19000,,,,,,,,,,,,,,,,,,,,,,
2056/02,,,,,,,,,,,,,,,,,,,,,,,,,,,,,,,,,,,,,,,,,,,,,,1223934.43,,,,,,,,,,,,,,,,,,,,,,,,20523.19,,,,,,,,,,,,,,,,,,,,,29900,,,,,,,,,,,,,,,,,,,,,,,,,,,,
2056/03,,,,,,,,,,,,,,,,,,,,,,,,,,,,,,,,,,,,,,,,,,,,,,,,,,,,,,,,,,,,,,,,,,,,,,,,,,,,,,,,,,,,,,,,,,37125,,,,,,,,,,,,,,,,,,,,,23099.57,,,,,,,,
2056/04,,,,,,,,,,,32200,,,,,,,,,,,,,29004.89,,,,,,,,,,,,,,,,,,,,,,,,,,,,,,,,,,,,,,,,,,,,,,,,,,,,,,,,,,,,,,,,,,,,,,,,,,,,,,,,,,,,,,,,,,,,,,,
2056/05,,,,,,,,,,,,,,,,,,,,,,,,,,,22787.23,,,,,,,,,,,,,,,,,,,,,,,,,,44505,194427.01,,,,,,,,,,,,,,,,,,,,,,,,,,,,,,,,,,,,,,,,,,,,,,,,,,,,,,,,,,33191.49,,,,,,,
2056/06,,,,,,,,,,,,,,232297.82,32565,,,,,,,,,,,,,,,,,,,,,,,,,,,,,,,,,,,,,,,,,,,,,,,,,,,,,,,,,,,,,,,,,,,,,,,,,,,,,,,,,,,,,,,,,,,,,21036.43,,,,,,,,,,,
2056/07,,,,,,,,,,,,,,,,,,,,,,,,,,,,,,,,,,,,,,,,,,,,,,,,,,,,,,,,,,,,,,,,,,,,,,,,,,,,,,,,,,,,,,,,,,,,,,,,,,,,,,,,,,,,,,,,,,,,,,,
2056/08,,,,,,,,,,,,,,,,,,,,,,,,,,,,,,,,,,,,,,,,,,,,,,,,,,,,,,,,,,,,,,,,,,,,,,1059672.13,,,,,,,,,,,,,,,,,,,,,29900,,,,,,,,,,,,,,,,,,,,,,,,,,,,
2056/09,,,,,,,,,,,,,,,,,,,,,,,,,,,,,,,,,,,,,,,,,,,,,,,,,,,,,,,,,,,,,,,,,,,,,,,,,,,,,,,,,,,,,,,,,,,,,,,,,,,,,,,,,,,,,,,23099.57,,,,,,,,
2056/10,,,,,,,,,,,,,,,,,,,,,,,,29004.89,,,,,,,,,,,,,,,,,,,,,,,,,,,,,,,,,,,,,,,,,,,,,,,,,,,,,,,,,,,,,,,,,,,,,,,,,,,,,,,,,,,,,,,,,,,,,,,
2056/11,,,,,,,,,,,,143385,,,,,,,,,,,,,,,22787.23,,,,,,,,,,,,,,,,,,,,,,,,,,,,,,,,,,,,,,,,,,,,,,,,,,,,,,,,,,,,,,,,,,,,,,,,,,,,,,,,,,,,,33191.49,,,,,,,
2056/12,,,,,,,,,,,,,,,,,,,,,,,,,,,,,,,,,,,,,,,,,,,,,,,,,,,,,,,,,,,,,,,,,,,,,,,,,,,,,,,,,,,,,,,,,,,,,,,,,,,,,,,,,,,,21036.43,,,,,,,,,,,
2057/01,,,,,,,,,,,,,,,,,,,,,,,,,,,,,,,,,,,,,,,,,,,,,,,,,,,,,,,,,,,,,,,,,,,,,,,,,,,,,,,,,,,,,,,,,,,,,,,,,19000,,,,,,,,,,,,,,,,,,,,,,
2057/02,,,,,,,,,,,,,,,,,,,,,,,,,,,,,,,,,,,,,,,,,,,,,,,,,,,,,,,,,,,,,,,,,,,,,,,,,,,,,,,,,,,,,,,,,,,29900,,,,,,,,,,,,,,,,,,,,,,,,,,,,
2057/03,,,,,,,,,,,,,,,,,,,,,,,,,,,,,,,,,,,,,,,,,,,,,,,,,,,,,,,,,,,,,,,,,,,,,,,,,,,,,,,,,,,,,,,,,,37125,,,,,,,,,,,,,,,,,,,,,23099.57,,,,,,,,
2057/04,,,,,,,,,,,32200,,,,,,,,,,,,,29004.89,,,,,,,,,,,,,,,,,,,,,,,,,,,,,,,,,,,,,,,,,,,,,,,,,,,,,,,,,,,,,,,,,,,,,,,,,,,,,,,,,,,,,,,,,,,,,,,
2057/05,,,,,,,,,,,,,,,,,,,,,,,,,,,22787.23,,,,,,,,,,,,,,,,,,,,,,,,,,44505,194427.01,,,,,,,,,,,,,,,,,,,,,,,,,,,,,,,,,,,,,,,,,,,,,,,,,,,,,,,,,,33191.49,,,,,,,
2057/06,,,,,,,,,,,,,,232297.82,32565,,,,,,,,,,,,,,,,,,,,,,,,,,,,,,,,,,,,,,,,,,,,,,,,,,,,,,,,,,,,,,,,,,,,,,,,,,,,,,,,,,,,,,,,,,,,,21036.43,,,,,,,,,,,
2057/07,,,,,,,,,,,,,,,,,,,,,,,,,,,,,,,,,,,,,,,,,,,,,,,,,,,,,,,,,,,,,,,,,,,,,,,,,,,,,,,,,,,,,,,,,,,,,,,,,,,,,,,,,,,,,,,,,,,,,,,
2057/08,,,,,,,,,,,,,,,,,,,,,,,,,,,,,,,,,,,,,,,,,,,,,,,,,,,,,,,,,,,,,,,,,,,,,,,,,,,,,,,,,,,,,,,,,,,29900,,,,,,,,,,,,,,,,,,,,,,,,,,,,
2057/09,,,,,,,,,,,,,,,,,,,,,,,,,,,,,,,,,,,,,,,,,,,,,,,,,,,,,,,,,,,,,,,,,,,,,,,,,,,,,,,,,,,,,,,,,,,,,,,,,,,,,,,,,,,,,,,23099.57,,,,,,,,
2057/10,,,,,,,,,,,,,,,,,,,,,,,,29004.89,,,,,,,,,,,,,,,,,,,,,,,,,,,,,,,,,,,,,,,,,,,,,,,,,,,,,,,,,,,,,,,,,,,,,,,,,,,,,,,,,,,,,,,,,,,,,,,
2057/11,,,,,,,,,,,,143385,,,,,,,,,,,,,,,22787.23,,,,,,,,,,,,,,,,,,,,,,,,,,,,,,,,,,,,,,,,,,,,,,,,,,,,,,,,,,,,,,,,,,,,,,,,,,,,,,,,,,,,,33191.49,,,,,,,
2057/12,,,,,,,,,,,,,,,,,,,,,,,,,,,,,,,,,,,,,,,,,,,,,,,,,,,,,,,,,,,,,,,,,,,,,,,,,,,,,,,,,,,,,,,,,,,,,,,,,,,,,,,,,,,,21036.43,,,,,,,,,,,
2058/01,,,,,,,,,,,,,,,,,,,,,,,,,,,,,,,,,,,,,,,,,,,,,,,,,,,,,,,,,,,,,,,,,,,,,,,,,,,,,,,,,,,,,,,,,,,,,,,,,19000,,,,,,,,,,,,,,,,,,,,,,
2058/02,,,,,,,,,,,,,,,,,,,,,,,,,,,,,,,,,,,,,,,,,,,,,,,,,,,,,,,,,,,,,,,,,,,,,,,,,,,,,,,,,,,,,,,,,,,29900,,,,,,,,,,,,,,,,,,,,,,,,,,,,
2058/03,,,,,,,,,,,,,,,,,,,,,,,,,,,,,,,,,,,,,,,,,,,,,,,,,,,,,,,,,,,,,,,,,,,,,,,,,,,,,,,,,,,,,,,,,,37125,,,,,,,,,,,,,,,,,,,,,23099.57,,,,,,,,
2058/04,,,,,,,,,,,32200,,,,,,,,,,,,,29004.89,,,,,,,,,,,,,,,,,,,,,,,,,,,,,,,,,,,,,,,,,,,,,,,,,,,,,,,,,,,,,,,,,,,,,,,,,,,,,,,,,,,,,,,,,,,,,,,
2058/05,,,,,,,,,,,,,,,,,,,,,,,,,,,22787.23,,,,,,,,,,,,,,,,,,,,,,,,,,44505,194427.01,,,,,,,,,,,,,,,,,,,,,,,,,,,,,,,,,,,,,,,,,,,,,,,,,,,,,,,,,,33191.49,,,,,,,
2058/06,,,,,,,,,,,,,,232297.82,32565,,,,,,,,,,,,,,,,,,,,,,,,,,,,,,,,,,,,,,,,,,,,,,,,,,,,,,,,,,,,,,,,,,,,,,,,,,,,,,,,,,,,,,,,,,,,,,,,,,,,,,,,
2058/07,,,,,,,,,,,,,,,,,,,,,,,,,,,,,,,,,,,,,,,,,,,,,,,,,,,,,,,,,,,,,,,,,,,,,,,,,,,,,,,,,,,,,,,,,,,,,,,,,,,,,,,,,,,,21036.43,,,,,,,,,,,
2058/08,,,,,,,,,,,,,,,,,,,,,,,,,,,,,,,,,,,,,,,,,,,,,,,,,,,,,,,,,,,,,,,,,,,,,,,,,,,,,,,,,,,,,,,,,,,29900,,,,,,,,,,,,,,,,,,,,,,,,,,,,
2058/09,,,,,,,,,,,,,,,,,,,,,,,,,,,,,,,,,,,,,,,,,,,,,,,,,,,,,,,,,,,,,,,,,,,,,,,,,,,,,,,,,,,,,,,,,,,,,,,,,,,,,,,,,,,,,,,23099.57,,,,,,,,
2058/10,,,,,,,,,,,,,,,,,,,,,,,,1200919.79,,,,,,,,,,,,,,,,,,,,,,,,,,,,,,,,,,,,,,,,,,,,,,,,,,,,,,,,,,,,,,,,,,,,,,,,,,,,,,,,,,,,,,,,,,,,,,,
2058/11,,,,,,,,,,,,143385,,,,,,,,,,,,,,,22787.23,,,,,,,,,,,,,,,,,,,,,,,,,,,,,,,,,,,,,,,,,,,,,,,,,,,,,,,,,,,,,,,,,,,,,,,,,,,,,,,,,,,,,33191.49,,,,,,,
2058/12,,,,,,,,,,,,,,,,,,,,,,,,,,,,,,,,,,,,,,,,,,,,,,,,,,,,,,,,,,,,,,,,,,,,,,,,,,,,,,,,,,,,,,,,,,,,,,,,,,,,,,,,,,,,21036.43,,,,,,,,,,,
2059/01,,,,,,,,,,,,,,,,,,,,,,,,,,,,,,,,,,,,,,,,,,,,,,,,,,,,,,,,,,,,,,,,,,,,,,,,,,,,,,,,,,,,,,,,,,,,,,,,,19000,,,,,,,,,,,,,,,,,,,,,,
2059/02,,,,,,,,,,,,,,,,,,,,,,,,,,,,,,,,,,,,,,,,,,,,,,,,,,,,,,,,,,,,,,,,,,,,,,,,,,,,,,,,,,,,,,,,,,,29900,,,,,,,,,,,,,,,,,,,,,,,,,,,,
2059/03,,,,,,,,,,,,,,,,,,,,,,,,,,,,,,,,,,,,,,,,,,,,,,,,,,,,,,,,,,,,,,,,,,,,,,,,,,,,,,,,,,,,,,,,,,37125,,,,,,,,,,,,,,,,,,,,,23099.57,,,,,,,,
2059/04,,,,,,,,,,,32200,,,,,,,,,,,,,,,,,,,,,,,,,,,,,,,,,,,,,,,,,,,,,,,,,,,,,,,,,,,,,,,,,,,,,,,,,,,,,,,,,,,,,,,,,,,,,,,,,,,,,,,,,,,,
2059/05,,,,,,,,,,,,,,,,,,,,,,,,,,,22787.23,,,,,,,,,,,,,,,,,,,,,,,,,,44505,194427.01,,,,,,,,,,,,,,,,,,,,,,,,,,,,,,,,,,,,,,,,,,,,,,,,,,,,,,,,,,33191.49,,,,,,,
2059/06,,,,,,,,,,,,,,232297.82,32565,,,,,,,,,,,,,,,,,,,,,,,,,,,,,,,,,,,,,,,,,,,,,,,,,,,,,,,,,,,,,,,,,,,,,,,,,,,,,,,,,,,,,,,,,,,,,21036.43,,,,,,,,,,,
2059/07,,,,,,,,,,,,,,,,,,,,,,,,,,,,,,,,,,,,,,,,,,,,,,,,,,,,,,,,,,,,,,,,,,,,,,,,,,,,,,,,,,,,,,,,,,,,,,,,,,,,,,,,,,,,,,,,,,,,,,,
2059/08,,,,,,,,,,,,,,,,,,,,,,,,,,,,,,,,,,,,,,,,,,,,,,,,,,,,,,,,,,,,,,,,,,,,,,,,,,,,,,,,,,,,,,,,,,,29900,,,,,,,,,,,,,,,,,,,,,,,,,,,,
2059/09,,,,,,,,,,,,,,,,,,,,,,,,,,,,,,,,,,,,,,,,,,,,,,,,,,,,,,,,,,,,,,,,,,,,,,,,,,,,,,,,,,,,,,,,,,,,,,,,,,,,,,,,,,,,,,,23099.57,,,,,,,,
2059/10,,,,,,,,,,,,,,,,,,,,,,,,,,,,,,,,,,,,,,,,,,,,,,,,,,,,,,,,,,,,,,,,,,,,,,,,,,,,,,,,,,,,,,,,,,,,,,,,,,,,,,,,,,,,,,,,,,,,,,,
2059/11,,,,,,,,,,,,143385,,,,,,,,,,,,,,,22787.23,,,,,,,,,,,,,,,,,,,,,,,,,,,,,,,,,,,,,,,,,,,,,,,,,,,,,,,,,,,,,,,,,,,,,,,,,,,,,,,,,,,,,33191.49,,,,,,,
2059/12,,,,,,,,,,,,,,,,,,,,,,,,,,,,,,,,,,,,,,,,,,,,,,,,,,,,,,,,,,,,,,,,,,,,,,,,,,,,,,,,,,,,,,,,,,,,,,,,,,,,,,,,,,,,21036.43,,,,,,,,,,,
2060/01,,,,,,,,,,,,,,,,,,,,,,,,,,,,,,,,,,,,,,,,,,,,,,,,,,,,,,,,,,,,,,,,,,,,,,,,,,,,,,,,,,,,,,,,,,,,,,,,,19000,,,,,,,,,,,,,,,,,,,,,,
2060/02,,,,,,,,,,,,,,,,,,,,,,,,,,,,,,,,,,,,,,,,,,,,,,,,,,,,,,,,,,,,,,,,,,,,,,,,,,,,,,,,,,,,,,,,,,,29900,,,,,,,,,,,,,,,,,,,,,,,,,,,,
2060/03,,,,,,,,,,,,,,,,,,,,,,,,,,,,,,,,,,,,,,,,,,,,,,,,,,,,,,,,,,,,,,,,,,,,,,,,,,,,,,,,,,,,,,,,,,37125,,,,,,,,,,,,,,,,,,,,,23099.57,,,,,,,,
2060/04,,,,,,,,,,,32200,,,,,,,,,,,,,,,,,,,,,,,,,,,,,,,,,,,,,,,,,,,,,,,,,,,,,,,,,,,,,,,,,,,,,,,,,,,,,,,,,,,,,,,,,,,,,,,,,,,,,,,,,,,,
2060/05,,,,,,,,,,,,,,,,,,,,,,,,,,,22787.23,,,,,,,,,,,,,,,,,,,,,,,,,,44505,194427.01,,,,,,,,,,,,,,,,,,,,,,,,,,,,,,,,,,,,,,,,,,,,,,,,,,,,,,,,,,2157446.81,,,,,,,
2060/06,,,,,,,,,,,,,,232297.82,32565,,,,,,,,,,,,,,,,,,,,,,,,,,,,,,,,,,,,,,,,,,,,,,,,,,,,,,,,,,,,,,,,,,,,,,,,,,,,,,,,,,,,,,,,,,,,,1263589.62,,,,,,,,,,,
2060/07,,,,,,,,,,,,,,,,,,,,,,,,,,,,,,,,,,,,,,,,,,,,,,,,,,,,,,,,,,,,,,,,,,,,,,,,,,,,,,,,,,,,,,,,,,,,,,,,,,,,,,,,,,,,,,,,,,,,,,,
2060/08,,,,,,,,,,,,,,,,,,,,,,,,,,,,,,,,,,,,,,,,,,,,,,,,,,,,,,,,,,,,,,,,,,,,,,,,,,,,,,,,,,,,,,,,,,,2629900,,,,,,,,,,,,,,,,,,,,,,,,,,,,
2060/09,,,,,,,,,,,,,,,,,,,,,,,,,,,,,,,,,,,,,,,,,,,,,,,,,,,,,,,,,,,,,,,,,,,,,,,,,,,,,,,,,,,,,,,,,,,,,,,,,,,,,,,,,,,,,,,23099.57,,,,,,,,
2060/10,,,,,,,,,,,,,,,,,,,,,,,,,,,,,,,,,,,,,,,,,,,,,,,,,,,,,,,,,,,,,,,,,,,,,,,,,,,,,,,,,,,,,,,,,,,,,,,,,,,,,,,,,,,,,,,,,,,,,,,
2060/11,,,,,,,,,,,,143385,,,,,,,,,,,,,,,22787.23,,,,,,,,,,,,,,,,,,,,,,,,,,,,,,,,,,,,,,,,,,,,,,,,,,,,,,,,,,,,,,,,,,,,,,,,,,,,,,,,,,,,,,,,,,,,
2060/12,,,,,,,,,,,,,,,,,,,,,,,,,,,,,,,,,,,,,,,,,,,,,,,,,,,,,,,,,,,,,,,,,,,,,,,,,,,,,,,,,,,,,,,,,,,,,,,,,,,,,,,,,,,,,,,,,,,,,,,
2061/01,,,,,,,,,,,,,,,,,,,,,,,,,,,,,,,,,,,,,,,,,,,,,,,,,,,,,,,,,,,,,,,,,,,,,,,,,,,,,,,,,,,,,,,,,,,,,,,,,1919000,,,,,,,,,,,,,,,,,,,,,,
2061/02,,,,,,,,,,,,,,,,,,,,,,,,,,,,,,,,,,,,,,,,,,,,,,,,,,,,,,,,,,,,,,,,,,,,,,,,,,,,,,,,,,,,,,,,,,,,,,,,,,,,,,,,,,,,,,,,,,,,,,,
2061/03,,,,,,,,,,,,,,,,,,,,,,,,,,,,,,,,,,,,,,,,,,,,,,,,,,,,,,,,,,,,,,,,,,,,,,,,,,,,,,,,,,,,,,,,,,37125,,,,,,,,,,,,,,,,,,,,,23099.57,,,,,,,,
2061/04,,,,,,,,,,,32200,,,,,,,,,,,,,,,,,,,,,,,,,,,,,,,,,,,,,,,,,,,,,,,,,,,,,,,,,,,,,,,,,,,,,,,,,,,,,,,,,,,,,,,,,,,,,,,,,,,,,,,,,,,,
2061/05,,,,,,,,,,,,,,,,,,,,,,,,,,,22787.23,,,,,,,,,,,,,,,,,,,,,,,,,,44505,194427.01,,,,,,,,,,,,,,,,,,,,,,,,,,,,,,,,,,,,,,,,,,,,,,,,,,,,,,,,,,,,,,,,,
2061/06,,,,,,,,,,,,,,232297.82,32565,,,,,,,,,,,,,,,,,,,,,,,,,,,,,,,,,,,,,,,,,,,,,,,,,,,,,,,,,,,,,,,,,,,,,,,,,,,,,,,,,,,,,,,,,,,,,,,,,,,,,,,,
2061/07,,,,,,,,,,,,,,,,,,,,,,,,,,,,,,,,,,,,,,,,,,,,,,,,,,,,,,,,,,,,,,,,,,,,,,,,,,,,,,,,,,,,,,,,,,,,,,,,,,,,,,,,,,,,,,,,,,,,,,,
2061/08,,,,,,,,,,,,,,,,,,,,,,,,,,,,,,,,,,,,,,,,,,,,,,,,,,,,,,,,,,,,,,,,,,,,,,,,,,,,,,,,,,,,,,,,,,,,,,,,,,,,,,,,,,,,,,,,,,,,,,,
2061/09,,,,,,,,,,,,,,,,,,,,,,,,,,,,,,,,,,,,,,,,,,,,,,,,,,,,,,,,,,,,,,,,,,,,,,,,,,,,,,,,,,,,,,,,,,,,,,,,,,,,,,,,,,,,,,,23099.57,,,,,,,,
2061/10,,,,,,,,,,,,,,,,,,,,,,,,,,,,,,,,,,,,,,,,,,,,,,,,,,,,,,,,,,,,,,,,,,,,,,,,,,,,,,,,,,,,,,,,,,,,,,,,,,,,,,,,,,,,,,,,,,,,,,,
2061/11,,,,,,,,,,,,143385,,,,,,,,,,,,,,,22787.23,,,,,,,,,,,,,,,,,,,,,,,,,,,,,,,,,,,,,,,,,,,,,,,,,,,,,,,,,,,,,,,,,,,,,,,,,,,,,,,,,,,,,,,,,,,,
2061/12,,,,,,,,,,,,,,,,,,,,,,,,,,,,,,,,,,,,,,,,,,,,,,,,,,,,,,,,,,,,,,,,,,,,,,,,,,,,,,,,,,,,,,,,,,,,,,,,,,,,,,,,,,,,,,,,,,,,,,,
2062/01,,,,,,,,,,,,,,,,,,,,,,,,,,,,,,,,,,,,,,,,,,,,,,,,,,,,,,,,,,,,,,,,,,,,,,,,,,,,,,,,,,,,,,,,,,,,,,,,,,,,,,,,,,,,,,,,,,,,,,,
2062/02,,,,,,,,,,,,,,,,,,,,,,,,,,,,,,,,,,,,,,,,,,,,,,,,,,,,,,,,,,,,,,,,,,,,,,,,,,,,,,,,,,,,,,,,,,,,,,,,,,,,,,,,,,,,,,,,,,,,,,,
2062/03,,,,,,,,,,,,,,,,,,,,,,,,,,,,,,,,,,,,,,,,,,,,,,,,,,,,,,,,,,,,,,,,,,,,,,,,,,,,,,,,,,,,,,,,,,937125,,,,,,,,,,,,,,,,,,,,,23099.57,,,,,,,,
2062/04,,,,,,,,,,,32200,,,,,,,,,,,,,,,,,,,,,,,,,,,,,,,,,,,,,,,,,,,,,,,,,,,,,,,,,,,,,,,,,,,,,,,,,,,,,,,,,,,,,,,,,,,,,,,,,,,,,,,,,,,,
2062/05,,,,,,,,,,,,,,,,,,,,,,,,,,,22787.23,,,,,,,,,,,,,,,,,,,,,,,,,,44505,194427.01,,,,,,,,,,,,,,,,,,,,,,,,,,,,,,,,,,,,,,,,,,,,,,,,,,,,,,,,,,,,,,,,,
2062/06,,,,,,,,,,,,,,232297.82,32565,,,,,,,,,,,,,,,,,,,,,,,,,,,,,,,,,,,,,,,,,,,,,,,,,,,,,,,,,,,,,,,,,,,,,,,,,,,,,,,,,,,,,,,,,,,,,,,,,,,,,,,,
2062/07,,,,,,,,,,,,,,,,,,,,,,,,,,,,,,,,,,,,,,,,,,,,,,,,,,,,,,,,,,,,,,,,,,,,,,,,,,,,,,,,,,,,,,,,,,,,,,,,,,,,,,,,,,,,,,,,,,,,,,,
2062/08,,,,,,,,,,,,,,,,,,,,,,,,,,,,,,,,,,,,,,,,,,,,,,,,,,,,,,,,,,,,,,,,,,,,,,,,,,,,,,,,,,,,,,,,,,,,,,,,,,,,,,,,,,,,,,,,,,,,,,,
2062/09,,,,,,,,,,,,,,,,,,,,,,,,,,,,,,,,,,,,,,,,,,,,,,,,,,,,,,,,,,,,,,,,,,,,,,,,,,,,,,,,,,,,,,,,,,,,,,,,,,,,,,,,,,,,,,,23099.57,,,,,,,,
2062/10,,,,,,,,,,,,,,,,,,,,,,,,,,,,,,,,,,,,,,,,,,,,,,,,,,,,,,,,,,,,,,,,,,,,,,,,,,,,,,,,,,,,,,,,,,,,,,,,,,,,,,,,,,,,,,,,,,,,,,,
2062/11,,,,,,,,,,,,143385,,,,,,,,,,,,,,,22787.23,,,,,,,,,,,,,,,,,,,,,,,,,,,,,,,,,,,,,,,,,,,,,,,,,,,,,,,,,,,,,,,,,,,,,,,,,,,,,,,,,,,,,,,,,,,,
2062/12,,,,,,,,,,,,,,,,,,,,,,,,,,,,,,,,,,,,,,,,,,,,,,,,,,,,,,,,,,,,,,,,,,,,,,,,,,,,,,,,,,,,,,,,,,,,,,,,,,,,,,,,,,,,,,,,,,,,,,,
2063/01,,,,,,,,,,,,,,,,,,,,,,,,,,,,,,,,,,,,,,,,,,,,,,,,,,,,,,,,,,,,,,,,,,,,,,,,,,,,,,,,,,,,,,,,,,,,,,,,,,,,,,,,,,,,,,,,,,,,,,,
2063/02,,,,,,,,,,,,,,,,,,,,,,,,,,,,,,,,,,,,,,,,,,,,,,,,,,,,,,,,,,,,,,,,,,,,,,,,,,,,,,,,,,,,,,,,,,,,,,,,,,,,,,,,,,,,,,,,,,,,,,,
2063/03,,,,,,,,,,,,,,,,,,,,,,,,,,,,,,,,,,,,,,,,,,,,,,,,,,,,,,,,,,,,,,,,,,,,,,,,,,,,,,,,,,,,,,,,,,,,,,,,,,,,,,,,,,,,,,,23099.57,,,,,,,,
2063/04,,,,,,,,,,,32200,,,,,,,,,,,,,,,,,,,,,,,,,,,,,,,,,,,,,,,,,,,,,,,,,,,,,,,,,,,,,,,,,,,,,,,,,,,,,,,,,,,,,,,,,,,,,,,,,,,,,,,,,,,,
2063/05,,,,,,,,,,,,,,,,,,,,,,,,,,,22787.23,,,,,,,,,,,,,,,,,,,,,,,,,,44505,194427.01,,,,,,,,,,,,,,,,,,,,,,,,,,,,,,,,,,,,,,,,,,,,,,,,,,,,,,,,,,,,,,,,,
2063/06,,,,,,,,,,,,,,232297.82,32565,,,,,,,,,,,,,,,,,,,,,,,,,,,,,,,,,,,,,,,,,,,,,,,,,,,,,,,,,,,,,,,,,,,,,,,,,,,,,,,,,,,,,,,,,,,,,,,,,,,,,,,,
2063/07,,,,,,,,,,,,,,,,,,,,,,,,,,,,,,,,,,,,,,,,,,,,,,,,,,,,,,,,,,,,,,,,,,,,,,,,,,,,,,,,,,,,,,,,,,,,,,,,,,,,,,,,,,,,,,,,,,,,,,,
2063/08,,,,,,,,,,,,,,,,,,,,,,,,,,,,,,,,,,,,,,,,,,,,,,,,,,,,,,,,,,,,,,,,,,,,,,,,,,,,,,,,,,,,,,,,,,,,,,,,,,,,,,,,,,,,,,,,,,,,,,,
2063/09,,,,,,,,,,,,,,,,,,,,,,,,,,,,,,,,,,,,,,,,,,,,,,,,,,,,,,,,,,,,,,,,,,,,,,,,,,,,,,,,,,,,,,,,,,,,,,,,,,,,,,,,,,,,,,,23099.57,,,,,,,,
2063/10,,,,,,,,,,,,,,,,,,,,,,,,,,,,,,,,,,,,,,,,,,,,,,,,,,,,,,,,,,,,,,,,,,,,,,,,,,,,,,,,,,,,,,,,,,,,,,,,,,,,,,,,,,,,,,,,,,,,,,,
2063/11,,,,,,,,,,,,143385,,,,,,,,,,,,,,,22787.23,,,,,,,,,,,,,,,,,,,,,,,,,,,,,,,,,,,,,,,,,,,,,,,,,,,,,,,,,,,,,,,,,,,,,,,,,,,,,,,,,,,,,,,,,,,,
2063/12,,,,,,,,,,,,,,,,,,,,,,,,,,,,,,,,,,,,,,,,,,,,,,,,,,,,,,,,,,,,,,,,,,,,,,,,,,,,,,,,,,,,,,,,,,,,,,,,,,,,,,,,,,,,,,,,,,,,,,,
2064/01,,,,,,,,,,,,,,,,,,,,,,,,,,,,,,,,,,,,,,,,,,,,,,,,,,,,,,,,,,,,,,,,,,,,,,,,,,,,,,,,,,,,,,,,,,,,,,,,,,,,,,,,,,,,,,,,,,,,,,,
2064/02,,,,,,,,,,,,,,,,,,,,,,,,,,,,,,,,,,,,,,,,,,,,,,,,,,,,,,,,,,,,,,,,,,,,,,,,,,,,,,,,,,,,,,,,,,,,,,,,,,,,,,,,,,,,,,,,,,,,,,,
2064/03,,,,,,,,,,,,,,,,,,,,,,,,,,,,,,,,,,,,,,,,,,,,,,,,,,,,,,,,,,,,,,,,,,,,,,,,,,,,,,,,,,,,,,,,,,,,,,,,,,,,,,,,,,,,,,,23099.57,,,,,,,,
2064/04,,,,,,,,,,,32200,,,,,,,,,,,,,,,,,,,,,,,,,,,,,,,,,,,,,,,,,,,,,,,,,,,,,,,,,,,,,,,,,,,,,,,,,,,,,,,,,,,,,,,,,,,,,,,,,,,,,,,,,,,,
2064/05,,,,,,,,,,,,,,,,,,,,,,,,,,,22787.23,,,,,,,,,,,,,,,,,,,,,,,,,,44505,194427.01,,,,,,,,,,,,,,,,,,,,,,,,,,,,,,,,,,,,,,,,,,,,,,,,,,,,,,,,,,,,,,,,,
2064/06,,,,,,,,,,,,,,232297.82,32565,,,,,,,,,,,,,,,,,,,,,,,,,,,,,,,,,,,,,,,,,,,,,,,,,,,,,,,,,,,,,,,,,,,,,,,,,,,,,,,,,,,,,,,,,,,,,,,,,,,,,,,,
2064/07,,,,,,,,,,,,,,,,,,,,,,,,,,,,,,,,,,,,,,,,,,,,,,,,,,,,,,,,,,,,,,,,,,,,,,,,,,,,,,,,,,,,,,,,,,,,,,,,,,,,,,,,,,,,,,,,,,,,,,,
2064/08,,,,,,,,,,,,,,,,,,,,,,,,,,,,,,,,,,,,,,,,,,,,,,,,,,,,,,,,,,,,,,,,,,,,,,,,,,,,,,,,,,,,,,,,,,,,,,,,,,,,,,,,,,,,,,,,,,,,,,,
2064/09,,,,,,,,,,,,,,,,,,,,,,,,,,,,,,,,,,,,,,,,,,,,,,,,,,,,,,,,,,,,,,,,,,,,,,,,,,,,,,,,,,,,,,,,,,,,,,,,,,,,,,,,,,,,,,,23099.57,,,,,,,,
2064/10,,,,,,,,,,,,,,,,,,,,,,,,,,,,,,,,,,,,,,,,,,,,,,,,,,,,,,,,,,,,,,,,,,,,,,,,,,,,,,,,,,,,,,,,,,,,,,,,,,,,,,,,,,,,,,,,,,,,,,,
2064/11,,,,,,,,,,,,143385,,,,,,,,,,,,,,,22787.23,,,,,,,,,,,,,,,,,,,,,,,,,,,,,,,,,,,,,,,,,,,,,,,,,,,,,,,,,,,,,,,,,,,,,,,,,,,,,,,,,,,,,,,,,,,,
2064/12,,,,,,,,,,,,,,,,,,,,,,,,,,,,,,,,,,,,,,,,,,,,,,,,,,,,,,,,,,,,,,,,,,,,,,,,,,,,,,,,,,,,,,,,,,,,,,,,,,,,,,,,,,,,,,,,,,,,,,,
2065/01,,,,,,,,,,,,,,,,,,,,,,,,,,,,,,,,,,,,,,,,,,,,,,,,,,,,,,,,,,,,,,,,,,,,,,,,,,,,,,,,,,,,,,,,,,,,,,,,,,,,,,,,,,,,,,,,,,,,,,,
2065/02,,,,,,,,,,,,,,,,,,,,,,,,,,,,,,,,,,,,,,,,,,,,,,,,,,,,,,,,,,,,,,,,,,,,,,,,,,,,,,,,,,,,,,,,,,,,,,,,,,,,,,,,,,,,,,,,,,,,,,,
2065/03,,,,,,,,,,,,,,,,,,,,,,,,,,,,,,,,,,,,,,,,,,,,,,,,,,,,,,,,,,,,,,,,,,,,,,,,,,,,,,,,,,,,,,,,,,,,,,,,,,,,,,,,,,,,,,,23099.57,,,,,,,,
2065/04,,,,,,,,,,,32200,,,,,,,,,,,,,,,,,,,,,,,,,,,,,,,,,,,,,,,,,,,,,,,,,,,,,,,,,,,,,,,,,,,,,,,,,,,,,,,,,,,,,,,,,,,,,,,,,,,,,,,,,,,,
2065/05,,,,,,,,,,,,,,,,,,,,,,,,,,,22787.23,,,,,,,,,,,,,,,,,,,,,,,,,,44505,194427.01,,,,,,,,,,,,,,,,,,,,,,,,,,,,,,,,,,,,,,,,,,,,,,,,,,,,,,,,,,,,,,,,,
2065/06,,,,,,,,,,,,,,232297.82,32565,,,,,,,,,,,,,,,,,,,,,,,,,,,,,,,,,,,,,,,,,,,,,,,,,,,,,,,,,,,,,,,,,,,,,,,,,,,,,,,,,,,,,,,,,,,,,,,,,,,,,,,,
2065/07,,,,,,,,,,,,,,,,,,,,,,,,,,,,,,,,,,,,,,,,,,,,,,,,,,,,,,,,,,,,,,,,,,,,,,,,,,,,,,,,,,,,,,,,,,,,,,,,,,,,,,,,,,,,,,,,,,,,,,,
2065/08,,,,,,,,,,,,,,,,,,,,,,,,,,,,,,,,,,,,,,,,,,,,,,,,,,,,,,,,,,,,,,,,,,,,,,,,,,,,,,,,,,,,,,,,,,,,,,,,,,,,,,,,,,,,,,,,,,,,,,,
2065/09,,,,,,,,,,,,,,,,,,,,,,,,,,,,,,,,,,,,,,,,,,,,,,,,,,,,,,,,,,,,,,,,,,,,,,,,,,,,,,,,,,,,,,,,,,,,,,,,,,,,,,,,,,,,,,,23099.57,,,,,,,,
2065/10,,,,,,,,,,,,,,,,,,,,,,,,,,,,,,,,,,,,,,,,,,,,,,,,,,,,,,,,,,,,,,,,,,,,,,,,,,,,,,,,,,,,,,,,,,,,,,,,,,,,,,,,,,,,,,,,,,,,,,,
2065/11,,,,,,,,,,,,143385,,,,,,,,,,,,,,,22787.23,,,,,,,,,,,,,,,,,,,,,,,,,,,,,,,,,,,,,,,,,,,,,,,,,,,,,,,,,,,,,,,,,,,,,,,,,,,,,,,,,,,,,,,,,,,,
2065/12,,,,,,,,,,,,,,,,,,,,,,,,,,,,,,,,,,,,,,,,,,,,,,,,,,,,,,,,,,,,,,,,,,,,,,,,,,,,,,,,,,,,,,,,,,,,,,,,,,,,,,,,,,,,,,,,,,,,,,,
2066/01,,,,,,,,,,,,,,,,,,,,,,,,,,,,,,,,,,,,,,,,,,,,,,,,,,,,,,,,,,,,,,,,,,,,,,,,,,,,,,,,,,,,,,,,,,,,,,,,,,,,,,,,,,,,,,,,,,,,,,,
2066/02,,,,,,,,,,,,,,,,,,,,,,,,,,,,,,,,,,,,,,,,,,,,,,,,,,,,,,,,,,,,,,,,,,,,,,,,,,,,,,,,,,,,,,,,,,,,,,,,,,,,,,,,,,,,,,,,,,,,,,,
2066/03,,,,,,,,,,,,,,,,,,,,,,,,,,,,,,,,,,,,,,,,,,,,,,,,,,,,,,,,,,,,,,,,,,,,,,,,,,,,,,,,,,,,,,,,,,,,,,,,,,,,,,,,,,,,,,,23099.57,,,,,,,,
2066/04,,,,,,,,,,,32200,,,,,,,,,,,,,,,,,,,,,,,,,,,,,,,,,,,,,,,,,,,,,,,,,,,,,,,,,,,,,,,,,,,,,,,,,,,,,,,,,,,,,,,,,,,,,,,,,,,,,,,,,,,,
2066/05,,,,,,,,,,,,,,,,,,,,,,,,,,,22787.23,,,,,,,,,,,,,,,,,,,,,,,,,,44505,11304542.01,,,,,,,,,,,,,,,,,,,,,,,,,,,,,,,,,,,,,,,,,,,,,,,,,,,,,,,,,,,,,,,,,
2066/06,,,,,,,,,,,,,,11036847.58,32565,,,,,,,,,,,,,,,,,,,,,,,,,,,,,,,,,,,,,,,,,,,,,,,,,,,,,,,,,,,,,,,,,,,,,,,,,,,,,,,,,,,,,,,,,,,,,,,,,,,,,,,,
2066/07,,,,,,,,,,,,,,,,,,,,,,,,,,,,,,,,,,,,,,,,,,,,,,,,,,,,,,,,,,,,,,,,,,,,,,,,,,,,,,,,,,,,,,,,,,,,,,,,,,,,,,,,,,,,,,,,,,,,,,,
2066/08,,,,,,,,,,,,,,,,,,,,,,,,,,,,,,,,,,,,,,,,,,,,,,,,,,,,,,,,,,,,,,,,,,,,,,,,,,,,,,,,,,,,,,,,,,,,,,,,,,,,,,,,,,,,,,,,,,,,,,,
2066/09,,,,,,,,,,,,,,,,,,,,,,,,,,,,,,,,,,,,,,,,,,,,,,,,,,,,,,,,,,,,,,,,,,,,,,,,,,,,,,,,,,,,,,,,,,,,,,,,,,,,,,,,,,,,,,,23099.57,,,,,,,,
2066/10,,,,,,,,,,,,,,,,,,,,,,,,,,,,,,,,,,,,,,,,,,,,,,,,,,,,,,,,,,,,,,,,,,,,,,,,,,,,,,,,,,,,,,,,,,,,,,,,,,,,,,,,,,,,,,,,,,,,,,,
2066/11,,,,,,,,,,,,143385,,,,,,,,,,,,,,,1095127.66,,,,,,,,,,,,,,,,,,,,,,,,,,,,,,,,,,,,,,,,,,,,,,,,,,,,,,,,,,,,,,,,,,,,,,,,,,,,,,,,,,,,,,,,,,,,
2066/12,,,,,,,,,,,,,,,,,,,,,,,,,,,,,,,,,,,,,,,,,,,,,,,,,,,,,,,,,,,,,,,,,,,,,,,,,,,,,,,,,,,,,,,,,,,,,,,,,,,,,,,,,,,,,,,,,,,,,,,
2067/01,,,,,,,,,,,,,,,,,,,,,,,,,,,,,,,,,,,,,,,,,,,,,,,,,,,,,,,,,,,,,,,,,,,,,,,,,,,,,,,,,,,,,,,,,,,,,,,,,,,,,,,,,,,,,,,,,,,,,,,
2067/02,,,,,,,,,,,,,,,,,,,,,,,,,,,,,,,,,,,,,,,,,,,,,,,,,,,,,,,,,,,,,,,,,,,,,,,,,,,,,,,,,,,,,,,,,,,,,,,,,,,,,,,,,,,,,,,,,,,,,,,
2067/03,,,,,,,,,,,,,,,,,,,,,,,,,,,,,,,,,,,,,,,,,,,,,,,,,,,,,,,,,,,,,,,,,,,,,,,,,,,,,,,,,,,,,,,,,,,,,,,,,,,,,,,,,,,,,,,23099.57,,,,,,,,
2067/04,,,,,,,,,,,32200,,,,,,,,,,,,,,,,,,,,,,,,,,,,,,,,,,,,,,,,,,,,,,,,,,,,,,,,,,,,,,,,,,,,,,,,,,,,,,,,,,,,,,,,,,,,,,,,,,,,,,,,,,,,
2067/05,,,,,,,,,,,,,,,,,,,,,,,,,,,,,,,,,,,,,,,,,,,,,,,,,,,,,44505,,,,,,,,,,,,,,,,,,,,,,,,,,,,,,,,,,,,,,,,,,,,,,,,,,,,,,,,,,,,,,,,,,
2067/06,,,,,,,,,,,,,,,32565,,,,,,,,,,,,,,,,,,,,,,,,,,,,,,,,,,,,,,,,,,,,,,,,,,,,,,,,,,,,,,,,,,,,,,,,,,,,,,,,,,,,,,,,,,,,,,,,,,,,,,,,
2067/07,,,,,,,,,,,,,,,,,,,,,,,,,,,,,,,,,,,,,,,,,,,,,,,,,,,,,,,,,,,,,,,,,,,,,,,,,,,,,,,,,,,,,,,,,,,,,,,,,,,,,,,,,,,,,,,,,,,,,,,
2067/08,,,,,,,,,,,,,,,,,,,,,,,,,,,,,,,,,,,,,,,,,,,,,,,,,,,,,,,,,,,,,,,,,,,,,,,,,,,,,,,,,,,,,,,,,,,,,,,,,,,,,,,,,,,,,,,,,,,,,,,
2067/09,,,,,,,,,,,,,,,,,,,,,,,,,,,,,,,,,,,,,,,,,,,,,,,,,,,,,,,,,,,,,,,,,,,,,,,,,,,,,,,,,,,,,,,,,,,,,,,,,,,,,,,,,,,,,,,1149908.09,,,,,,,,
2067/10,,,,,,,,,,,,,,,,,,,,,,,,,,,,,,,,,,,,,,,,,,,,,,,,,,,,,,,,,,,,,,,,,,,,,,,,,,,,,,,,,,,,,,,,,,,,,,,,,,,,,,,,,,,,,,,,,,,,,,,
2067/11,,,,,,,,,,,,143385,,,,,,,,,,,,,,,,,,,,,,,,,,,,,,,,,,,,,,,,,,,,,,,,,,,,,,,,,,,,,,,,,,,,,,,,,,,,,,,,,,,,,,,,,,,,,,,,,,,,,,,,,,,
2067/12,,,,,,,,,,,,,,,,,,,,,,,,,,,,,,,,,,,,,,,,,,,,,,,,,,,,,,,,,,,,,,,,,,,,,,,,,,,,,,,,,,,,,,,,,,,,,,,,,,,,,,,,,,,,,,,,,,,,,,,
2068/01,,,,,,,,,,,,,,,,,,,,,,,,,,,,,,,,,,,,,,,,,,,,,,,,,,,,,,,,,,,,,,,,,,,,,,,,,,,,,,,,,,,,,,,,,,,,,,,,,,,,,,,,,,,,,,,,,,,,,,,
2068/02,,,,,,,,,,,,,,,,,,,,,,,,,,,,,,,,,,,,,,,,,,,,,,,,,,,,,,,,,,,,,,,,,,,,,,,,,,,,,,,,,,,,,,,,,,,,,,,,,,,,,,,,,,,,,,,,,,,,,,,
2068/03,,,,,,,,,,,,,,,,,,,,,,,,,,,,,,,,,,,,,,,,,,,,,,,,,,,,,,,,,,,,,,,,,,,,,,,,,,,,,,,,,,,,,,,,,,,,,,,,,,,,,,,,,,,,,,,,,,,,,,,
2068/04,,,,,,,,,,,32200,,,,,,,,,,,,,,,,,,,,,,,,,,,,,,,,,,,,,,,,,,,,,,,,,,,,,,,,,,,,,,,,,,,,,,,,,,,,,,,,,,,,,,,,,,,,,,,,,,,,,,,,,,,,
2068/05,,,,,,,,,,,,,,,,,,,,,,,,,,,,,,,,,,,,,,,,,,,,,,,,,,,,,44505,,,,,,,,,,,,,,,,,,,,,,,,,,,,,,,,,,,,,,,,,,,,,,,,,,,,,,,,,,,,,,,,,,
2068/06,,,,,,,,,,,,,,,32565,,,,,,,,,,,,,,,,,,,,,,,,,,,,,,,,,,,,,,,,,,,,,,,,,,,,,,,,,,,,,,,,,,,,,,,,,,,,,,,,,,,,,,,,,,,,,,,,,,,,,,,,
2068/07,,,,,,,,,,,,,,,,,,,,,,,,,,,,,,,,,,,,,,,,,,,,,,,,,,,,,,,,,,,,,,,,,,,,,,,,,,,,,,,,,,,,,,,,,,,,,,,,,,,,,,,,,,,,,,,,,,,,,,,
2068/08,,,,,,,,,,,,,,,,,,,,,,,,,,,,,,,,,,,,,,,,,,,,,,,,,,,,,,,,,,,,,,,,,,,,,,,,,,,,,,,,,,,,,,,,,,,,,,,,,,,,,,,,,,,,,,,,,,,,,,,
2068/09,,,,,,,,,,,,,,,,,,,,,,,,,,,,,,,,,,,,,,,,,,,,,,,,,,,,,,,,,,,,,,,,,,,,,,,,,,,,,,,,,,,,,,,,,,,,,,,,,,,,,,,,,,,,,,,,,,,,,,,
2068/10,,,,,,,,,,,,,,,,,,,,,,,,,,,,,,,,,,,,,,,,,,,,,,,,,,,,,,,,,,,,,,,,,,,,,,,,,,,,,,,,,,,,,,,,,,,,,,,,,,,,,,,,,,,,,,,,,,,,,,,
2068/11,,,,,,,,,,,,143385,,,,,,,,,,,,,,,,,,,,,,,,,,,,,,,,,,,,,,,,,,,,,,,,,,,,,,,,,,,,,,,,,,,,,,,,,,,,,,,,,,,,,,,,,,,,,,,,,,,,,,,,,,,
2068/12,,,,,,,,,,,,,,,,,,,,,,,,,,,,,,,,,,,,,,,,,,,,,,,,,,,,,,,,,,,,,,,,,,,,,,,,,,,,,,,,,,,,,,,,,,,,,,,,,,,,,,,,,,,,,,,,,,,,,,,
2069/01,,,,,,,,,,,,,,,,,,,,,,,,,,,,,,,,,,,,,,,,,,,,,,,,,,,,,,,,,,,,,,,,,,,,,,,,,,,,,,,,,,,,,,,,,,,,,,,,,,,,,,,,,,,,,,,,,,,,,,,
2069/02,,,,,,,,,,,,,,,,,,,,,,,,,,,,,,,,,,,,,,,,,,,,,,,,,,,,,,,,,,,,,,,,,,,,,,,,,,,,,,,,,,,,,,,,,,,,,,,,,,,,,,,,,,,,,,,,,,,,,,,
2069/03,,,,,,,,,,,,,,,,,,,,,,,,,,,,,,,,,,,,,,,,,,,,,,,,,,,,,,,,,,,,,,,,,,,,,,,,,,,,,,,,,,,,,,,,,,,,,,,,,,,,,,,,,,,,,,,,,,,,,,,
2069/04,,,,,,,,,,,32200,,,,,,,,,,,,,,,,,,,,,,,,,,,,,,,,,,,,,,,,,,,,,,,,,,,,,,,,,,,,,,,,,,,,,,,,,,,,,,,,,,,,,,,,,,,,,,,,,,,,,,,,,,,,
2069/05,,,,,,,,,,,,,,,,,,,,,,,,,,,,,,,,,,,,,,,,,,,,,,,,,,,,,44505,,,,,,,,,,,,,,,,,,,,,,,,,,,,,,,,,,,,,,,,,,,,,,,,,,,,,,,,,,,,,,,,,,
2069/06,,,,,,,,,,,,,,,32565,,,,,,,,,,,,,,,,,,,,,,,,,,,,,,,,,,,,,,,,,,,,,,,,,,,,,,,,,,,,,,,,,,,,,,,,,,,,,,,,,,,,,,,,,,,,,,,,,,,,,,,,
2069/07,,,,,,,,,,,,,,,,,,,,,,,,,,,,,,,,,,,,,,,,,,,,,,,,,,,,,,,,,,,,,,,,,,,,,,,,,,,,,,,,,,,,,,,,,,,,,,,,,,,,,,,,,,,,,,,,,,,,,,,
2069/08,,,,,,,,,,,,,,,,,,,,,,,,,,,,,,,,,,,,,,,,,,,,,,,,,,,,,,,,,,,,,,,,,,,,,,,,,,,,,,,,,,,,,,,,,,,,,,,,,,,,,,,,,,,,,,,,,,,,,,,
2069/09,,,,,,,,,,,,,,,,,,,,,,,,,,,,,,,,,,,,,,,,,,,,,,,,,,,,,,,,,,,,,,,,,,,,,,,,,,,,,,,,,,,,,,,,,,,,,,,,,,,,,,,,,,,,,,,,,,,,,,,
2069/10,,,,,,,,,,,,,,,,,,,,,,,,,,,,,,,,,,,,,,,,,,,,,,,,,,,,,,,,,,,,,,,,,,,,,,,,,,,,,,,,,,,,,,,,,,,,,,,,,,,,,,,,,,,,,,,,,,,,,,,
2069/11,,,,,,,,,,,,143385,,,,,,,,,,,,,,,,,,,,,,,,,,,,,,,,,,,,,,,,,,,,,,,,,,,,,,,,,,,,,,,,,,,,,,,,,,,,,,,,,,,,,,,,,,,,,,,,,,,,,,,,,,,
2069/12,,,,,,,,,,,,,,,,,,,,,,,,,,,,,,,,,,,,,,,,,,,,,,,,,,,,,,,,,,,,,,,,,,,,,,,,,,,,,,,,,,,,,,,,,,,,,,,,,,,,,,,,,,,,,,,,,,,,,,,
2070/01,,,,,,,,,,,,,,,,,,,,,,,,,,,,,,,,,,,,,,,,,,,,,,,,,,,,,,,,,,,,,,,,,,,,,,,,,,,,,,,,,,,,,,,,,,,,,,,,,,,,,,,,,,,,,,,,,,,,,,,
2070/02,,,,,,,,,,,,,,,,,,,,,,,,,,,,,,,,,,,,,,,,,,,,,,,,,,,,,,,,,,,,,,,,,,,,,,,,,,,,,,,,,,,,,,,,,,,,,,,,,,,,,,,,,,,,,,,,,,,,,,,
2070/03,,,,,,,,,,,,,,,,,,,,,,,,,,,,,,,,,,,,,,,,,,,,,,,,,,,,,,,,,,,,,,,,,,,,,,,,,,,,,,,,,,,,,,,,,,,,,,,,,,,,,,,,,,,,,,,,,,,,,,,
2070/04,,,,,,,,,,,32200,,,,,,,,,,,,,,,,,,,,,,,,,,,,,,,,,,,,,,,,,,,,,,,,,,,,,,,,,,,,,,,,,,,,,,,,,,,,,,,,,,,,,,,,,,,,,,,,,,,,,,,,,,,,
2070/05,,,,,,,,,,,,,,,,,,,,,,,,,,,,,,,,,,,,,,,,,,,,,,,,,,,,,44505,,,,,,,,,,,,,,,,,,,,,,,,,,,,,,,,,,,,,,,,,,,,,,,,,,,,,,,,,,,,,,,,,,
2070/06,,,,,,,,,,,,,,,32565,,,,,,,,,,,,,,,,,,,,,,,,,,,,,,,,,,,,,,,,,,,,,,,,,,,,,,,,,,,,,,,,,,,,,,,,,,,,,,,,,,,,,,,,,,,,,,,,,,,,,,,,
2070/07,,,,,,,,,,,,,,,,,,,,,,,,,,,,,,,,,,,,,,,,,,,,,,,,,,,,,,,,,,,,,,,,,,,,,,,,,,,,,,,,,,,,,,,,,,,,,,,,,,,,,,,,,,,,,,,,,,,,,,,
2070/08,,,,,,,,,,,,,,,,,,,,,,,,,,,,,,,,,,,,,,,,,,,,,,,,,,,,,,,,,,,,,,,,,,,,,,,,,,,,,,,,,,,,,,,,,,,,,,,,,,,,,,,,,,,,,,,,,,,,,,,
2070/09,,,,,,,,,,,,,,,,,,,,,,,,,,,,,,,,,,,,,,,,,,,,,,,,,,,,,,,,,,,,,,,,,,,,,,,,,,,,,,,,,,,,,,,,,,,,,,,,,,,,,,,,,,,,,,,,,,,,,,,
2070/10,,,,,,,,,,,,,,,,,,,,,,,,,,,,,,,,,,,,,,,,,,,,,,,,,,,,,,,,,,,,,,,,,,,,,,,,,,,,,,,,,,,,,,,,,,,,,,,,,,,,,,,,,,,,,,,,,,,,,,,
2070/11,,,,,,,,,,,,143385,,,,,,,,,,,,,,,,,,,,,,,,,,,,,,,,,,,,,,,,,,,,,,,,,,,,,,,,,,,,,,,,,,,,,,,,,,,,,,,,,,,,,,,,,,,,,,,,,,,,,,,,,,,
2070/12,,,,,,,,,,,,,,,,,,,,,,,,,,,,,,,,,,,,,,,,,,,,,,,,,,,,,,,,,,,,,,,,,,,,,,,,,,,,,,,,,,,,,,,,,,,,,,,,,,,,,,,,,,,,,,,,,,,,,,,
2071/01,,,,,,,,,,,,,,,,,,,,,,,,,,,,,,,,,,,,,,,,,,,,,,,,,,,,,,,,,,,,,,,,,,,,,,,,,,,,,,,,,,,,,,,,,,,,,,,,,,,,,,,,,,,,,,,,,,,,,,,
2071/02,,,,,,,,,,,,,,,,,,,,,,,,,,,,,,,,,,,,,,,,,,,,,,,,,,,,,,,,,,,,,,,,,,,,,,,,,,,,,,,,,,,,,,,,,,,,,,,,,,,,,,,,,,,,,,,,,,,,,,,
2071/03,,,,,,,,,,,,,,,,,,,,,,,,,,,,,,,,,,,,,,,,,,,,,,,,,,,,,,,,,,,,,,,,,,,,,,,,,,,,,,,,,,,,,,,,,,,,,,,,,,,,,,,,,,,,,,,,,,,,,,,
2071/04,,,,,,,,,,,4632200,,,,,,,,,,,,,,,,,,,,,,,,,,,,,,,,,,,,,,,,,,,,,,,,,,,,,,,,,,,,,,,,,,,,,,,,,,,,,,,,,,,,,,,,,,,,,,,,,,,,,,,,,,,,
2071/05,,,,,,,,,,,,,,,,,,,,,,,,,,,,,,,,,,,,,,,,,,,,,,,,,,,,,44505,,,,,,,,,,,,,,,,,,,,,,,,,,,,,,,,,,,,,,,,,,,,,,,,,,,,,,,,,,,,,,,,,,
2071/06,,,,,,,,,,,,,,,5042565,,,,,,,,,,,,,,,,,,,,,,,,,,,,,,,,,,,,,,,,,,,,,,,,,,,,,,,,,,,,,,,,,,,,,,,,,,,,,,,,,,,,,,,,,,,,,,,,,,,,,,,,
2071/07,,,,,,,,,,,,,,,,,,,,,,,,,,,,,,,,,,,,,,,,,,,,,,,,,,,,,,,,,,,,,,,,,,,,,,,,,,,,,,,,,,,,,,,,,,,,,,,,,,,,,,,,,,,,,,,,,,,,,,,
2071/09,,,,,,,,,,,,,,,,,,,,,,,,,,,,,,,,,,,,,,,,,,,,,,,,,,,,,,,,,,,,,,,,,,,,,,,,,,,,,,,,,,,,,,,,,,,,,,,,,,,,,,,,,,,,,,,,,,,,,,,
2071/10,,,,,,,,,,,,,,,,,,,,,,,,,,,,,,,,,,,,,,,,,,,,,,,,,,,,,,,,,,,,,,,,,,,,,,,,,,,,,,,,,,,,,,,,,,,,,,,,,,,,,,,,,,,,,,,,,,,,,,,
2071/11,,,,,,,,,,,,143385,,,,,,,,,,,,,,,,,,,,,,,,,,,,,,,,,,,,,,,,,,,,,,,,,,,,,,,,,,,,,,,,,,,,,,,,,,,,,,,,,,,,,,,,,,,,,,,,,,,,,,,,,,,
2071/12,,,,,,,,,,,,,,,,,,,,,,,,,,,,,,,,,,,,,,,,,,,,,,,,,,,,,,,,,,,,,,,,,,,,,,,,,,,,,,,,,,,,,,,,,,,,,,,,,,,,,,,,,,,,,,,,,,,,,,,
2072/01,,,,,,,,,,,,,,,,,,,,,,,,,,,,,,,,,,,,,,,,,,,,,,,,,,,,,,,,,,,,,,,,,,,,,,,,,,,,,,,,,,,,,,,,,,,,,,,,,,,,,,,,,,,,,,,,,,,,,,,
2072/03,,,,,,,,,,,,,,,,,,,,,,,,,,,,,,,,,,,,,,,,,,,,,,,,,,,,,,,,,,,,,,,,,,,,,,,,,,,,,,,,,,,,,,,,,,,,,,,,,,,,,,,,,,,,,,,,,,,,,,,
2072/05,,,,,,,,,,,,,,,,,,,,,,,,,,,,,,,,,,,,,,,,,,,,,,,,,,,,,8945505,,,,,,,,,,,,,,,,,,,,,,,,,,,,,,,,,,,,,,,,,,,,,,,,,,,,,,,,,,,,,,,,,,
2072/06,,,,,,,,,,,,,,,,,,,,,,,,,,,,,,,,,,,,,,,,,,,,,,,,,,,,,,,,,,,,,,,,,,,,,,,,,,,,,,,,,,,,,,,,,,,,,,,,,,,,,,,,,,,,,,,,,,,,,,,
2072/09,,,,,,,,,,,,,,,,,,,,,,,,,,,,,,,,,,,,,,,,,,,,,,,,,,,,,,,,,,,,,,,,,,,,,,,,,,,,,,,,,,,,,,,,,,,,,,,,,,,,,,,,,,,,,,,,,,,,,,,
2072/11,,,,,,,,,,,,143385,,,,,,,,,,,,,,,,,,,,,,,,,,,,,,,,,,,,,,,,,,,,,,,,,,,,,,,,,,,,,,,,,,,,,,,,,,,,,,,,,,,,,,,,,,,,,,,,,,,,,,,,,,,
2072/12,,,,,,,,,,,,,,,,,,,,,,,,,,,,,,,,,,,,,,,,,,,,,,,,,,,,,,,,,,,,,,,,,,,,,,,,,,,,,,,,,,,,,,,,,,,,,,,,,,,,,,,,,,,,,,,,,,,,,,,
2073/11,,,,,,,,,,,,143385,,,,,,,,,,,,,,,,,,,,,,,,,,,,,,,,,,,,,,,,,,,,,,,,,,,,,,,,,,,,,,,,,,,,,,,,,,,,,,,,,,,,,,,,,,,,,,,,,,,,,,,,,,,
2074/11,,,,,,,,,,,,143385,,,,,,,,,,,,,,,,,,,,,,,,,,,,,,,,,,,,,,,,,,,,,,,,,,,,,,,,,,,,,,,,,,,,,,,,,,,,,,,,,,,,,,,,,,,,,,,,,,,,,,,,,,,
2075/11,,,,,,,,,,,,143385,,,,,,,,,,,,,,,,,,,,,,,,,,,,,,,,,,,,,,,,,,,,,,,,,,,,,,,,,,,,,,,,,,,,,,,,,,,,,,,,,,,,,,,,,,,,,,,,,,,,,,,,,,,
2076/11,,,,,,,,,,,,143385,,,,,,,,,,,,,,,,,,,,,,,,,,,,,,,,,,,,,,,,,,,,,,,,,,,,,,,,,,,,,,,,,,,,,,,,,,,,,,,,,,,,,,,,,,,,,,,,,,,,,,,,,,,
2077/11,,,,,,,,,,,,143385,,,,,,,,,,,,,,,,,,,,,,,,,,,,,,,,,,,,,,,,,,,,,,,,,,,,,,,,,,,,,,,,,,,,,,,,,,,,,,,,,,,,,,,,,,,,,,,,,,,,,,,,,,,
2078/11,,,,,,,,,,,,143385,,,,,,,,,,,,,,,,,,,,,,,,,,,,,,,,,,,,,,,,,,,,,,,,,,,,,,,,,,,,,,,,,,,,,,,,,,,,,,,,,,,,,,,,,,,,,,,,,,,,,,,,,,,
2079/11,,,,,,,,,,,,143385,,,,,,,,,,,,,,,,,,,,,,,,,,,,,,,,,,,,,,,,,,,,,,,,,,,,,,,,,,,,,,,,,,,,,,,,,,,,,,,,,,,,,,,,,,,,,,,,,,,,,,,,,,,
2080/11,,,,,,,,,,,,143385,,,,,,,,,,,,,,,,,,,,,,,,,,,,,,,,,,,,,,,,,,,,,,,,,,,,,,,,,,,,,,,,,,,,,,,,,,,,,,,,,,,,,,,,,,,,,,,,,,,,,,,,,,,
2081/11,,,,,,,,,,,,143385,,,,,,,,,,,,,,,,,,,,,,,,,,,,,,,,,,,,,,,,,,,,,,,,,,,,,,,,,,,,,,,,,,,,,,,,,,,,,,,,,,,,,,,,,,,,,,,,,,,,,,,,,,,
2082/11,,,,,,,,,,,,143385,,,,,,,,,,,,,,,,,,,,,,,,,,,,,,,,,,,,,,,,,,,,,,,,,,,,,,,,,,,,,,,,,,,,,,,,,,,,,,,,,,,,,,,,,,,,,,,,,,,,,,,,,,,
2083/11,,,,,,,,,,,,143385,,,,,,,,,,,,,,,,,,,,,,,,,,,,,,,,,,,,,,,,,,,,,,,,,,,,,,,,,,,,,,,,,,,,,,,,,,,,,,,,,,,,,,,,,,,,,,,,,,,,,,,,,,,
2084/11,,,,,,,,,,,,143385,,,,,,,,,,,,,,,,,,,,,,,,,,,,,,,,,,,,,,,,,,,,,,,,,,,,,,,,,,,,,,,,,,,,,,,,,,,,,,,,,,,,,,,,,,,,,,,,,,,,,,,,,,,
2085/11,,,,,,,,,,,,143385,,,,,,,,,,,,,,,,,,,,,,,,,,,,,,,,,,,,,,,,,,,,,,,,,,,,,,,,,,,,,,,,,,,,,,,,,,,,,,,,,,,,,,,,,,,,,,,,,,,,,,,,,,,
2086/11,,,,,,,,,,,,9702385,,,,,,,,,,,,,,,,,,,,,,,,,,,,,,,,,,,,,,,,,,,,,,,,,,,,,,,,,,,,,,,,,,,,,,,,,,,,,,,,,,,,,,,,,,,,,,,,,,,,,,,,,,,
